Workbook

Sheet Сравнение-старыеW-новыеW
A1: Пункт отправления | B1: Пункт назначения | C1: Фиксированные тарифы | F1: Вес (кг) | M1: Объём (м³)
T2: Вес ( кг ) | U2: Услуга | V2: 0 - 5 | W2: 5,01 - 20 | X2: 20,01 - 41 | Y2: 41,01 -100 | Z2: 100,01 - 300 | AA2: 300,01 - 500 | AB2: 500,01 - 650 | AC2: 650,001 - 800 | AD2: 800,01 - 1000 | AE2: 1000,01 - 1500 | AF2: 1500,01 - 2000 | AG2: 2000,01 - 3000 | AH2: 3000,01 - 5000 | AI2: 5000,01 - 6000 | AJ2: 6000,01 - 8000 | AK2: 8000,01 - 10000 | AL2: 10000,01 - 20000
C3: до 5 кг | D3: до 20 кг | E3: до 40 кг | F3: от | G3: 2000- | H3: 1000- | I3: 500- | J3: 200- | K3: 100- | L3: 41 | M3: от | N3: 10- | O3: 5- | P3: 3- | Q3: 1- | R3: 0,2-
C4: до 0,03 м3 | D4: до 0,1 м3 | E4: до 0,19 м3 | F4: 3000 | G4: 2999 | H4: 1999 | I4: 999 | J4: 499 | K4: 199 | L4: 99 | M4: 15 | N4: 14.9 | O4: 9.9 | P4: 4.9 | Q4: 2.9 | R4: 0.99 | T4: Объем ( м3 ) | V4: 0 - 0,1 | W4: 0,11 - 0,15 | X4: 0,16 - 0,19 | Y4: 0,2 - 0,8 | Z4: 0.81 - 1,8 | AA4: 1,81 - 2,5 | AB4: 2,51 - 3 | AC4: 3,01 - 4,99 | AD4: 5 - 5,99 | AE4: 6 - 7,95 | AF4: 7,96 - 10 | AG4: 10,01 - 11,99 | AH4: 12 - 14,99 | AI4: 15 - 19,99 | AJ4: 20 - 22 | AK4: 22,01 - 34,99 | AL4: 35 - 82
A7: Исторические и исходные объёмные тарифы не загружены. Текущие веса — на листе WernerNEW.

Sheet новыеW
A1: Пункт отправления | B1: Пункт назначения | C1: Фиксированные тарифы | F1: Вес (кг) | M1: Объём (м³)
T2: Вес ( кг ) | U2: Услуга | V2: 0 - 5 | W2: 5,01 - 20 | X2: 20,01 - 41 | Y2: 41,01 -100 | Z2: 100,01 - 300 | AA2: 300,01 - 500 | AB2: 500,01 - 650 | AC2: 650,001 - 800 | AD2: 800,01 - 1000 | AE2: 1000,01 - 1500 | AF2: 1500,01 - 2000 | AG2: 2000,01 - 3000 | AH2: 3000,01 - 5000 | AI2: 5000,01 - 6000 | AJ2: 6000,01 - 8000 | AK2: 8000,01 - 10000 | AL2: 10000,01 - 20000
C3: до 5 кг | D3: до 20 кг | E3: до 40 кг | F3: от | G3: 2000- | H3: 1000- | I3: 500- | J3: 200- | K3: 100- | L3: 41 | M3: от | N3: 10- | O3: 5- | P3: 3- | Q3: 1- | R3: 0,2-
C4: до 0,03 м3 | D4: до 0,1 м3 | E4: до 0,19 м3 | F4: 3000 | G4: 2999 | H4: 1999 | I4: 999 | J4: 499 | K4: 199 | L4: 99 | M4: 15 | N4: 14.9 | O4: 9.9 | P4: 4.9 | Q4: 2.9 | R4: 0.99 | T4: Объем ( м3 ) | V4: 0 - 0,1 | W4: 0,11 - 0,15 | X4: 0,16 - 0,19 | Y4: 0,2 - 0,8 | Z4: 0.81 - 1,8 | AA4: 1,81 - 2,5 | AB4: 2,51 - 3 | AC4: 3,01 - 4,99 | AD4: 5 - 5,99 | AE4: 6 - 7,95 | AF4: 7,96 - 10 | AG4: 10,01 - 11,99 | AH4: 12 - 14,99 | AI4: 15 - 19,99 | AJ4: 20 - 22 | AK4: 22,01 - 34,99 | AL4: 35 - 82
A7: Исторические и исходные объёмные тарифы не загружены. Текущие веса — на листе WernerNEW.

Sheet старыеW
A1: Пункт отправления | B1: Пункт назначения | C1: Фиксированные тарифы | F1: Вес (кг) | M1: Объём (м³)
T2: Вес ( кг ) | U2: Услуга | V2: 0 - 5 | W2: 5,01 - 20 | X2: 20,01 - 41 | Y2: 41,01 -100 | Z2: 100,01 - 300 | AA2: 300,01 - 500 | AB2: 500,01 - 650 | AC2: 650,001 - 800 | AD2: 800,01 - 1000 | AE2: 1000,01 - 1500 | AF2: 1500,01 - 2000 | AG2: 2000,01 - 3000 | AH2: 3000,01 - 5000 | AI2: 5000,01 - 6000 | AJ2: 6000,01 - 8000 | AK2: 8000,01 - 10000 | AL2: 10000,01 - 20000
C3: до 5 кг | D3: до 20 кг | E3: до 40 кг | F3: от | G3: 2000- | H3: 1000- | I3: 500- | J3: 200- | K3: 100- | L3: 41 | M3: от | N3: 10- | O3: 5- | P3: 3- | Q3: 1- | R3: 0,2-
C4: до 0,03 м3 | D4: до 0,1 м3 | E4: до 0,19 м3 | F4: 3000 | G4: 2999 | H4: 1999 | I4: 999 | J4: 499 | K4: 199 | L4: 99 | M4: 15 | N4: 14.9 | O4: 9.9 | P4: 4.9 | Q4: 2.9 | R4: 0.99 | T4: Объем ( м3 ) | V4: 0 - 0,1 | W4: 0,11 - 0,15 | X4: 0,16 - 0,19 | Y4: 0,2 - 0,8 | Z4: 0.81 - 1,8 | AA4: 1,81 - 2,5 | AB4: 2,51 - 3 | AC4: 3,01 - 4,99 | AD4: 5 - 5,99 | AE4: 6 - 7,95 | AF4: 7,96 - 10 | AG4: 10,01 - 11,99 | AH4: 12 - 14,99 | AI4: 15 - 19,99 | AJ4: 20 - 22 | AK4: 22,01 - 34,99 | AL4: 35 - 82
A7: Исторические и исходные объёмные тарифы не загружены. Текущие веса — на листе WernerNEW.

Sheet Ценообразование
A7: Исторические и исходные объёмные тарифы не загружены. Текущие веса — на листе WernerNEW.

Sheet склейка
A1: № | B1: Из | C1: В | D1: Маршрут | E1: Строка
A2: 1 | B2: Москва | C2: Санкт-Петербург | D2: Москва → Санкт-Петербург | E2: 2

Sheet рабочий
C1: ='Графики'!B16&" → "&'Графики'!F16 -> Москва → Санкт-Петербург | G1: =IF(COUNTIF('склейка'!D2:D2,C1)=0,"",MATCH(C1,'склейка'!D2:D2,0)+1) -> 2
A3: Компания | C3: в | D3: 0-1кг | E3: 1-3кг | F3: 3-5кг | G3: 5-10кг | H3: 10-15кг | I3: 15-20кг | J3: 20-35кг | K3: 35-40кг | L3: 40-50кг | M3: МИН | N3: до 100 | O3: до 200 | P3: до 250 | Q3: до 300 | R3: до 400 | S3: до 500 | T3: до 600 | U3: до 700 | V3: до 750 | W3: до 800 | X3: до 1000 | Y3: до 1200 | Z3: до 1500 | AA3: до 2000 | AB3: до 2500 | AC3: до 3000 | AD3: до 5000 | AE3: до 10000 | AF3: до 20000 | AH3: 0,2-0,4 | AI3: 0,4-0,6 | AJ3: 0,6-0,8 | AK3: 0,8-1,1 | AL3: 1,1-1,2 | AM3: 1,2-1,3 | AN3: 1,3-1,5 | AO3: 1,5-1,8 | AP3: 1,8-2 | AQ3: 2-2,3 | AR3: 2,3-2,5 | AS3: 2,5-3 | AT3: 3-3,2 | AU3: 3,2-3,6 | AV3: 3,6-4 | AW3: 4--5 | AX3: 5-5,5 | AY3: 5,5-5,8 | AZ3: 5,8-6 | BA3: 6--7 | BB3: 7-7,5 | BC3: 7,5-8 | BD3: 8--10 | BE3: 10--12 | BF3: 12--15 | BG3: 15--20 | BH3: 20--25 | BI3: 25--40 | BJ3: 40--45 | BK3: 40--80
A4: WernerNEW | B4: ='Графики'!C19 -> TRUE | D4: =IF($B4=FALSE,"не выбрана",IF($G$1="","нет маршрута",INDEX('WernerNEW'!D$1:D$2,$G$1))) -> 246 | E4: =IF($B4=FALSE,"не выбрана",IF($G$1="","нет маршрута",INDEX('WernerNEW'!E$1:E$2,$G$1))) -> 246 | F4: =IF($B4=FALSE,"не выбрана",IF($G$1="","нет маршрута",INDEX('WernerNEW'!F$1:F$2,$G$1))) -> 246 | G4: =IF($B4=FALSE,"не выбрана",IF($G$1="","нет маршрута",INDEX('WernerNEW'!G$1:G$2,$G$1))) -> 453 | H4: =IF($B4=FALSE,"не выбрана",IF($G$1="","нет маршрута",INDEX('WernerNEW'!H$1:H$2,$G$1))) -> 453 | I4: =IF($B4=FALSE,"не выбрана",IF($G$1="","нет маршрута",INDEX('WernerNEW'!I$1:I$2,$G$1))) -> 453 | J4: =IF($B4=FALSE,"не выбрана",IF($G$1="","нет маршрута",INDEX('WernerNEW'!J$1:J$2,$G$1))) -> 510 | K4: =IF($B4=FALSE,"не выбрана",IF($G$1="","нет маршрута",INDEX('WernerNEW'!K$1:K$2,$G$1))) -> 570 | ... AF4: =IF($B4=FALSE,"не выбрана",IF($G$1="","нет маршрута",INDEX('WernerNEW'!AF$1:AF$2,$G$1))) -> 11.0051
A5: WernerOld | B5: ='Графики'!C20 -> FALSE | D5: =IF($B5=FALSE,"не выбрана",IF($G$1="","нет маршрута",INDEX('WernerOld'!D$1:D$2,$G$1))) -> не выбрана | E5: =IF($B5=FALSE,"не выбрана",IF($G$1="","нет маршрута",INDEX('WernerOld'!E$1:E$2,$G$1))) -> не выбрана | F5: =IF($B5=FALSE,"не выбрана",IF($G$1="","нет маршрута",INDEX('WernerOld'!F$1:F$2,$G$1))) -> не выбрана | G5: =IF($B5=FALSE,"не выбрана",IF($G$1="","нет маршрута",INDEX('WernerOld'!G$1:G$2,$G$1))) -> не выбрана | H5: =IF($B5=FALSE,"не выбрана",IF($G$1="","нет маршрута",INDEX('WernerOld'!H$1:H$2,$G$1))) -> не выбрана | I5: =IF($B5=FALSE,"не выбрана",IF($G$1="","нет маршрута",INDEX('WernerOld'!I$1:I$2,$G$1))) -> не выбрана | J5: =IF($B5=FALSE,"не выбрана",IF($G$1="","нет маршрута",INDEX('WernerOld'!J$1:J$2,$G$1))) -> не выбрана | K5: =IF($B5=FALSE,"не выбрана",IF($G$1="","нет маршрута",INDEX('WernerOld'!K$1:K$2,$G$1))) -> не выбрана | ... AF5: =IF($B5=FALSE,"не выбрана",IF($G$1="","нет маршрута",INDEX('WernerOld'!AF$1:AF$2,$G$1))) -> не выбрана
A6: ДЛ | B6: ='Графики'!C21 -> TRUE | D6: =IF($B6=FALSE,"не выбрана",IF($G$1="","нет маршрута",INDEX('ДЛ'!D$1:D$2,$G$1))) -> нет данных | E6: =IF($B6=FALSE,"не выбрана",IF($G$1="","нет маршрута",INDEX('ДЛ'!E$1:E$2,$G$1))) -> нет данных | F6: =IF($B6=FALSE,"не выбрана",IF($G$1="","нет маршрута",INDEX('ДЛ'!F$1:F$2,$G$1))) -> нет данных | G6: =IF($B6=FALSE,"не выбрана",IF($G$1="","нет маршрута",INDEX('ДЛ'!G$1:G$2,$G$1))) -> нет данных | H6: =IF($B6=FALSE,"не выбрана",IF($G$1="","нет маршрута",INDEX('ДЛ'!H$1:H$2,$G$1))) -> нет данных | I6: =IF($B6=FALSE,"не выбрана",IF($G$1="","нет маршрута",INDEX('ДЛ'!I$1:I$2,$G$1))) -> нет данных | J6: =IF($B6=FALSE,"не выбрана",IF($G$1="","нет маршрута",INDEX('ДЛ'!J$1:J$2,$G$1))) -> нет данных | K6: =IF($B6=FALSE,"не выбрана",IF($G$1="","нет маршрута",INDEX('ДЛ'!K$1:K$2,$G$1))) -> нет данных | ... AF6: =IF($B6=FALSE,"не выбрана",IF($G$1="","нет маршрута",INDEX('ДЛ'!AF$1:AF$2,$G$1))) -> нет данных
A7: ПЭК | B7: ='Графики'!C22 -> TRUE | D7: =IF($B7=FALSE,"не выбрана",IF($G$1="","нет маршрута",INDEX('ПЭК'!D$1:D$2,$G$1))) -> нет данных | E7: =IF($B7=FALSE,"не выбрана",IF($G$1="","нет маршрута",INDEX('ПЭК'!E$1:E$2,$G$1))) -> нет данных | F7: =IF($B7=FALSE,"не выбрана",IF($G$1="","нет маршрута",INDEX('ПЭК'!F$1:F$2,$G$1))) -> нет данных | G7: =IF($B7=FALSE,"не выбрана",IF($G$1="","нет маршрута",INDEX('ПЭК'!G$1:G$2,$G$1))) -> нет данных | H7: =IF($B7=FALSE,"не выбрана",IF($G$1="","нет маршрута",INDEX('ПЭК'!H$1:H$2,$G$1))) -> нет данных | I7: =IF($B7=FALSE,"не выбрана",IF($G$1="","нет маршрута",INDEX('ПЭК'!I$1:I$2,$G$1))) -> нет данных | J7: =IF($B7=FALSE,"не выбрана",IF($G$1="","нет маршрута",INDEX('ПЭК'!J$1:J$2,$G$1))) -> нет данных | K7: =IF($B7=FALSE,"не выбрана",IF($G$1="","нет маршрута",INDEX('ПЭК'!K$1:K$2,$G$1))) -> нет данных | ... AF7: =IF($B7=FALSE,"не выбрана",IF($G$1="","нет маршрута",INDEX('ПЭК'!AF$1:AF$2,$G$1))) -> нет данных
A8: КИТ | B8: ='Графики'!C23 -> TRUE | D8: =IF($B8=FALSE,"не выбрана",IF($G$1="","нет маршрута",INDEX('КИТ'!D$1:D$2,$G$1))) -> 680 | E8: =IF($B8=FALSE,"не выбрана",IF($G$1="","нет маршрута",INDEX('КИТ'!E$1:E$2,$G$1))) -> 800 | F8: =IF($B8=FALSE,"не выбрана",IF($G$1="","нет маршрута",INDEX('КИТ'!F$1:F$2,$G$1))) -> 800 | G8: =IF($B8=FALSE,"не выбрана",IF($G$1="","нет маршрута",INDEX('КИТ'!G$1:G$2,$G$1))) -> 920 | H8: =IF($B8=FALSE,"не выбрана",IF($G$1="","нет маршрута",INDEX('КИТ'!H$1:H$2,$G$1))) -> 920 | I8: =IF($B8=FALSE,"не выбрана",IF($G$1="","нет маршрута",INDEX('КИТ'!I$1:I$2,$G$1))) -> 1000 | J8: =IF($B8=FALSE,"не выбрана",IF($G$1="","нет маршрута",INDEX('КИТ'!J$1:J$2,$G$1))) -> 1000 | K8: =IF($B8=FALSE,"не выбрана",IF($G$1="","нет маршрута",INDEX('КИТ'!K$1:K$2,$G$1))) -> 732 | ... AF8: =IF($B8=FALSE,"не выбрана",IF($G$1="","нет маршрута",INDEX('КИТ'!AF$1:AF$2,$G$1))) -> 16.7
A9: Возовоз | B9: ='Графики'!C24 -> TRUE | D9: =IF($B9=FALSE,"не выбрана",IF($G$1="","нет маршрута",INDEX('Возовоз'!D$1:D$2,$G$1))) -> нет данных | E9: =IF($B9=FALSE,"не выбрана",IF($G$1="","нет маршрута",INDEX('Возовоз'!E$1:E$2,$G$1))) -> нет данных | F9: =IF($B9=FALSE,"не выбрана",IF($G$1="","нет маршрута",INDEX('Возовоз'!F$1:F$2,$G$1))) -> нет данных | G9: =IF($B9=FALSE,"не выбрана",IF($G$1="","нет маршрута",INDEX('Возовоз'!G$1:G$2,$G$1))) -> нет данных | H9: =IF($B9=FALSE,"не выбрана",IF($G$1="","нет маршрута",INDEX('Возовоз'!H$1:H$2,$G$1))) -> нет данных | I9: =IF($B9=FALSE,"не выбрана",IF($G$1="","нет маршрута",INDEX('Возовоз'!I$1:I$2,$G$1))) -> нет данных | J9: =IF($B9=FALSE,"не выбрана",IF($G$1="","нет маршрута",INDEX('Возовоз'!J$1:J$2,$G$1))) -> нет данных | K9: =IF($B9=FALSE,"не выбрана",IF($G$1="","нет маршрута",INDEX('Возовоз'!K$1:K$2,$G$1))) -> нет данных | ... AF9: =IF($B9=FALSE,"не выбрана",IF($G$1="","нет маршрута",INDEX('Возовоз'!AF$1:AF$2,$G$1))) -> нет данных
A10: Мейджик | B10: ='Графики'!C25 -> TRUE | D10: =IF($B10=FALSE,"не выбрана",IF($G$1="","нет маршрута",INDEX('Мейджик'!D$1:D$2,$G$1))) -> 500 | E10: =IF($B10=FALSE,"не выбрана",IF($G$1="","нет маршрута",INDEX('Мейджик'!E$1:E$2,$G$1))) -> 600 | F10: =IF($B10=FALSE,"не выбрана",IF($G$1="","нет маршрута",INDEX('Мейджик'!F$1:F$2,$G$1))) -> 600 | G10: =IF($B10=FALSE,"не выбрана",IF($G$1="","нет маршрута",INDEX('Мейджик'!G$1:G$2,$G$1))) -> 700 | H10: =IF($B10=FALSE,"не выбрана",IF($G$1="","нет маршрута",INDEX('Мейджик'!H$1:H$2,$G$1))) -> 700 | I10: =IF($B10=FALSE,"не выбрана",IF($G$1="","нет маршрута",INDEX('Мейджик'!I$1:I$2,$G$1))) -> 700 | J10: =IF($B10=FALSE,"не выбрана",IF($G$1="","нет маршрута",INDEX('Мейджик'!J$1:J$2,$G$1))) -> 700 | K10: =IF($B10=FALSE,"не выбрана",IF($G$1="","нет маршрута",INDEX('Мейджик'!K$1:K$2,$G$1))) -> 700 | ... AF10: =IF($B10=FALSE,"не выбрана",IF($G$1="","нет маршрута",INDEX('Мейджик'!AF$1:AF$2,$G$1))) -> 12.5
A11: Главтрасса | B11: ='Графики'!C26 -> TRUE | D11: =IF($B11=FALSE,"не выбрана",IF($G$1="","нет маршрута",INDEX('Главтрасса'!D$1:D$2,$G$1))) -> 390 | E11: =IF($B11=FALSE,"не выбрана",IF($G$1="","нет маршрута",INDEX('Главтрасса'!E$1:E$2,$G$1))) -> 390 | F11: =IF($B11=FALSE,"не выбрана",IF($G$1="","нет маршрута",INDEX('Главтрасса'!F$1:F$2,$G$1))) -> 390 | G11: =IF($B11=FALSE,"не выбрана",IF($G$1="","нет маршрута",INDEX('Главтрасса'!G$1:G$2,$G$1))) -> 400 | H11: =IF($B11=FALSE,"не выбрана",IF($G$1="","нет маршрута",INDEX('Главтрасса'!H$1:H$2,$G$1))) -> 400 | I11: =IF($B11=FALSE,"не выбрана",IF($G$1="","нет маршрута",INDEX('Главтрасса'!I$1:I$2,$G$1))) -> 400 | J11: =IF($B11=FALSE,"не выбрана",IF($G$1="","нет маршрута",INDEX('Главтрасса'!J$1:J$2,$G$1))) -> 456 | K11: =IF($B11=FALSE,"не выбрана",IF($G$1="","нет маршрута",INDEX('Главтрасса'!K$1:K$2,$G$1))) -> 550 | ... AF11: =IF($B11=FALSE,"не выбрана",IF($G$1="","нет маршрута",INDEX('Главтрасса'!AF$1:AF$2,$G$1))) -> 14.3751
A12: Пролайн | B12: ='Графики'!C27 -> TRUE | D12: =IF($B12=FALSE,"не выбрана",IF($G$1="","нет маршрута",INDEX('Пролайн'!D$1:D$2,$G$1))) -> 550 | E12: =IF($B12=FALSE,"не выбрана",IF($G$1="","нет маршрута",INDEX('Пролайн'!E$1:E$2,$G$1))) -> 550 | F12: =IF($B12=FALSE,"не выбрана",IF($G$1="","нет маршрута",INDEX('Пролайн'!F$1:F$2,$G$1))) -> 550 | G12: =IF($B12=FALSE,"не выбрана",IF($G$1="","нет маршрута",INDEX('Пролайн'!G$1:G$2,$G$1))) -> 550 | H12: =IF($B12=FALSE,"не выбрана",IF($G$1="","нет маршрута",INDEX('Пролайн'!H$1:H$2,$G$1))) -> 550 | I12: =IF($B12=FALSE,"не выбрана",IF($G$1="","нет маршрута",INDEX('Пролайн'!I$1:I$2,$G$1))) -> 550 | J12: =IF($B12=FALSE,"не выбрана",IF($G$1="","нет маршрута",INDEX('Пролайн'!J$1:J$2,$G$1))) -> 550 | K12: =IF($B12=FALSE,"не выбрана",IF($G$1="","нет маршрута",INDEX('Пролайн'!K$1:K$2,$G$1))) -> 560 | ... AF12: =IF($B12=FALSE,"не выбрана",IF($G$1="","нет маршрута",INDEX('Пролайн'!AF$1:AF$2,$G$1))) -> 12
A13: Фортуна | B13: ='Графики'!C28 -> TRUE | D13: =IF($B13=FALSE,"не выбрана",IF($G$1="","нет маршрута",INDEX('Фортуна'!D$1:D$2,$G$1))) -> 580 | E13: =IF($B13=FALSE,"не выбрана",IF($G$1="","нет маршрута",INDEX('Фортуна'!E$1:E$2,$G$1))) -> 580 | F13: =IF($B13=FALSE,"не выбрана",IF($G$1="","нет маршрута",INDEX('Фортуна'!F$1:F$2,$G$1))) -> 580 | G13: =IF($B13=FALSE,"не выбрана",IF($G$1="","нет маршрута",INDEX('Фортуна'!G$1:G$2,$G$1))) -> 580 | H13: =IF($B13=FALSE,"не выбрана",IF($G$1="","нет маршрута",INDEX('Фортуна'!H$1:H$2,$G$1))) -> 580 | I13: =IF($B13=FALSE,"не выбрана",IF($G$1="","нет маршрута",INDEX('Фортуна'!I$1:I$2,$G$1))) -> 710 | J13: =IF($B13=FALSE,"не выбрана",IF($G$1="","нет маршрута",INDEX('Фортуна'!J$1:J$2,$G$1))) -> 710 | K13: =IF($B13=FALSE,"не выбрана",IF($G$1="","нет маршрута",INDEX('Фортуна'!K$1:K$2,$G$1))) -> 710 | ... AF13: =IF($B13=FALSE,"не выбрана",IF($G$1="","нет маршрута",INDEX('Фортуна'!AF$1:AF$2,$G$1))) -> 12.1
A14: Грузопоток | B14: ='Графики'!C29 -> TRUE | D14: =IF($B14=FALSE,"не выбрана",IF($G$1="","нет маршрута",INDEX('Грузопоток'!D$1:D$2,$G$1))) -> нет данных | E14: =IF($B14=FALSE,"не выбрана",IF($G$1="","нет маршрута",INDEX('Грузопоток'!E$1:E$2,$G$1))) -> нет данных | F14: =IF($B14=FALSE,"не выбрана",IF($G$1="","нет маршрута",INDEX('Грузопоток'!F$1:F$2,$G$1))) -> нет данных | G14: =IF($B14=FALSE,"не выбрана",IF($G$1="","нет маршрута",INDEX('Грузопоток'!G$1:G$2,$G$1))) -> нет данных | H14: =IF($B14=FALSE,"не выбрана",IF($G$1="","нет маршрута",INDEX('Грузопоток'!H$1:H$2,$G$1))) -> нет данных | I14: =IF($B14=FALSE,"не выбрана",IF($G$1="","нет маршрута",INDEX('Грузопоток'!I$1:I$2,$G$1))) -> нет данных | J14: =IF($B14=FALSE,"не выбрана",IF($G$1="","нет маршрута",INDEX('Грузопоток'!J$1:J$2,$G$1))) -> нет данных | K14: =IF($B14=FALSE,"не выбрана",IF($G$1="","нет маршрута",INDEX('Грузопоток'!K$1:K$2,$G$1))) -> нет данных | ... AF14: =IF($B14=FALSE,"не выбрана",IF($G$1="","нет маршрута",INDEX('Грузопоток'!AF$1:AF$2,$G$1))) -> нет данных
A15: ФастТранс | B15: ='Графики'!C30 -> TRUE | D15: =IF($B15=FALSE,"не выбрана",IF($G$1="","нет маршрута",INDEX('ФастТранс'!D$1:D$2,$G$1))) -> 720 | E15: =IF($B15=FALSE,"не выбрана",IF($G$1="","нет маршрута",INDEX('ФастТранс'!E$1:E$2,$G$1))) -> 720 | F15: =IF($B15=FALSE,"не выбрана",IF($G$1="","нет маршрута",INDEX('ФастТранс'!F$1:F$2,$G$1))) -> 720 | G15: =IF($B15=FALSE,"не выбрана",IF($G$1="","нет маршрута",INDEX('ФастТранс'!G$1:G$2,$G$1))) -> 750 | H15: =IF($B15=FALSE,"не выбрана",IF($G$1="","нет маршрута",INDEX('ФастТранс'!H$1:H$2,$G$1))) -> 750 | I15: =IF($B15=FALSE,"не выбрана",IF($G$1="","нет маршрута",INDEX('ФастТранс'!I$1:I$2,$G$1))) -> 750 | J15: =IF($B15=FALSE,"не выбрана",IF($G$1="","нет маршрута",INDEX('ФастТранс'!J$1:J$2,$G$1))) -> 850 | K15: =IF($B15=FALSE,"не выбрана",IF($G$1="","нет маршрута",INDEX('ФастТранс'!K$1:K$2,$G$1))) -> 850 | ... AF15: =IF($B15=FALSE,"не выбрана",IF($G$1="","нет маршрута",INDEX('ФастТранс'!AF$1:AF$2,$G$1))) -> 12.8
A16: РейлКонтинент | B16: ='Графики'!C31 -> TRUE | D16: =IF($B16=FALSE,"не выбрана",IF($G$1="","нет маршрута",INDEX('РейлКонтинент'!D$1:D$2,$G$1))) -> 990 | E16: =IF($B16=FALSE,"не выбрана",IF($G$1="","нет маршрута",INDEX('РейлКонтинент'!E$1:E$2,$G$1))) -> 990 | F16: =IF($B16=FALSE,"не выбрана",IF($G$1="","нет маршрута",INDEX('РейлКонтинент'!F$1:F$2,$G$1))) -> 990 | G16: =IF($B16=FALSE,"не выбрана",IF($G$1="","нет маршрута",INDEX('РейлКонтинент'!G$1:G$2,$G$1))) -> 990 | H16: =IF($B16=FALSE,"не выбрана",IF($G$1="","нет маршрута",INDEX('РейлКонтинент'!H$1:H$2,$G$1))) -> 990 | I16: =IF($B16=FALSE,"не выбрана",IF($G$1="","нет маршрута",INDEX('РейлКонтинент'!I$1:I$2,$G$1))) -> 990 | J16: =IF($B16=FALSE,"не выбрана",IF($G$1="","нет маршрута",INDEX('РейлКонтинент'!J$1:J$2,$G$1))) -> 990 | K16: =IF($B16=FALSE,"не выбрана",IF($G$1="","нет маршрута",INDEX('РейлКонтинент'!K$1:K$2,$G$1))) -> 990 | ... AF16: =IF($B16=FALSE,"не выбрана",IF($G$1="","нет маршрута",INDEX('РейлКонтинент'!AF$1:AF$2,$G$1))) -> 15.5
A17: АТЭК | B17: ='Графики'!C32 -> TRUE | D17: =IF($B17=FALSE,"не выбрана",IF($G$1="","нет маршрута",INDEX('АТЭК'!D$1:D$2,$G$1))) -> 490 | E17: =IF($B17=FALSE,"не выбрана",IF($G$1="","нет маршрута",INDEX('АТЭК'!E$1:E$2,$G$1))) -> 490 | F17: =IF($B17=FALSE,"не выбрана",IF($G$1="","нет маршрута",INDEX('АТЭК'!F$1:F$2,$G$1))) -> 490 | G17: =IF($B17=FALSE,"не выбрана",IF($G$1="","нет маршрута",INDEX('АТЭК'!G$1:G$2,$G$1))) -> 490 | H17: =IF($B17=FALSE,"не выбрана",IF($G$1="","нет маршрута",INDEX('АТЭК'!H$1:H$2,$G$1))) -> 490 | I17: =IF($B17=FALSE,"не выбрана",IF($G$1="","нет маршрута",INDEX('АТЭК'!I$1:I$2,$G$1))) -> 490 | J17: =IF($B17=FALSE,"не выбрана",IF($G$1="","нет маршрута",INDEX('АТЭК'!J$1:J$2,$G$1))) -> 675 | K17: =IF($B17=FALSE,"не выбрана",IF($G$1="","нет маршрута",INDEX('АТЭК'!K$1:K$2,$G$1))) -> 675 | ... AF17: =IF($B17=FALSE,"не выбрана",IF($G$1="","нет маршрута",INDEX('АТЭК'!AF$1:AF$2,$G$1))) -> 10.8
A18: НоваяЛиния | B18: ='Графики'!C33 -> TRUE | D18: =IF($B18=FALSE,"не выбрана",IF($G$1="","нет маршрута",INDEX('НоваяЛиния'!D$1:D$2,$G$1))) -> 600 | E18: =IF($B18=FALSE,"не выбрана",IF($G$1="","нет маршрута",INDEX('НоваяЛиния'!E$1:E$2,$G$1))) -> 600 | F18: =IF($B18=FALSE,"не выбрана",IF($G$1="","нет маршрута",INDEX('НоваяЛиния'!F$1:F$2,$G$1))) -> 600 | G18: =IF($B18=FALSE,"не выбрана",IF($G$1="","нет маршрута",INDEX('НоваяЛиния'!G$1:G$2,$G$1))) -> 600 | H18: =IF($B18=FALSE,"не выбрана",IF($G$1="","нет маршрута",INDEX('НоваяЛиния'!H$1:H$2,$G$1))) -> 600 | I18: =IF($B18=FALSE,"не выбрана",IF($G$1="","нет маршрута",INDEX('НоваяЛиния'!I$1:I$2,$G$1))) -> 600 | J18: =IF($B18=FALSE,"не выбрана",IF($G$1="","нет маршрута",INDEX('НоваяЛиния'!J$1:J$2,$G$1))) -> 600 | K18: =IF($B18=FALSE,"не выбрана",IF($G$1="","нет маршрута",INDEX('НоваяЛиния'!K$1:K$2,$G$1))) -> 600 | ... AF18: =IF($B18=FALSE,"не выбрана",IF($G$1="","нет маршрута",INDEX('НоваяЛиния'!AF$1:AF$2,$G$1))) -> по запросу
A19: БСК | B19: ='Графики'!C34 -> TRUE | D19: =IF($B19=FALSE,"не выбрана",IF($G$1="","нет маршрута",INDEX('БСК'!D$1:D$2,$G$1))) -> 450 | E19: =IF($B19=FALSE,"не выбрана",IF($G$1="","нет маршрута",INDEX('БСК'!E$1:E$2,$G$1))) -> 450 | F19: =IF($B19=FALSE,"не выбрана",IF($G$1="","нет маршрута",INDEX('БСК'!F$1:F$2,$G$1))) -> 450 | G19: =IF($B19=FALSE,"не выбрана",IF($G$1="","нет маршрута",INDEX('БСК'!G$1:G$2,$G$1))) -> 450 | H19: =IF($B19=FALSE,"не выбрана",IF($G$1="","нет маршрута",INDEX('БСК'!H$1:H$2,$G$1))) -> 450 | I19: =IF($B19=FALSE,"не выбрана",IF($G$1="","нет маршрута",INDEX('БСК'!I$1:I$2,$G$1))) -> 450 | J19: =IF($B19=FALSE,"не выбрана",IF($G$1="","нет маршрута",INDEX('БСК'!J$1:J$2,$G$1))) -> 450 | K19: =IF($B19=FALSE,"не выбрана",IF($G$1="","нет маршрута",INDEX('БСК'!K$1:K$2,$G$1))) -> 480 | ... AF19: =IF($B19=FALSE,"не выбрана",IF($G$1="","нет маршрута",INDEX('БСК'!AF$1:AF$2,$G$1))) -> 10
A20: ЭкспедицияПлюс | B20: ='Графики'!C35 -> TRUE | D20: =IF($B20=FALSE,"не выбрана",IF($G$1="","нет маршрута",INDEX('ЭкспедицияПлюс'!D$1:D$2,$G$1))) -> 650 | E20: =IF($B20=FALSE,"не выбрана",IF($G$1="","нет маршрута",INDEX('ЭкспедицияПлюс'!E$1:E$2,$G$1))) -> 650 | F20: =IF($B20=FALSE,"не выбрана",IF($G$1="","нет маршрута",INDEX('ЭкспедицияПлюс'!F$1:F$2,$G$1))) -> 650 | G20: =IF($B20=FALSE,"не выбрана",IF($G$1="","нет маршрута",INDEX('ЭкспедицияПлюс'!G$1:G$2,$G$1))) -> 650 | H20: =IF($B20=FALSE,"не выбрана",IF($G$1="","нет маршрута",INDEX('ЭкспедицияПлюс'!H$1:H$2,$G$1))) -> 650 | I20: =IF($B20=FALSE,"не выбрана",IF($G$1="","нет маршрута",INDEX('ЭкспедицияПлюс'!I$1:I$2,$G$1))) -> 650 | J20: =IF($B20=FALSE,"не выбрана",IF($G$1="","нет маршрута",INDEX('ЭкспедицияПлюс'!J$1:J$2,$G$1))) -> 650 | K20: =IF($B20=FALSE,"не выбрана",IF($G$1="","нет маршрута",INDEX('ЭкспедицияПлюс'!K$1:K$2,$G$1))) -> 650 | ... AF20: =IF($B20=FALSE,"не выбрана",IF($G$1="","нет маршрута",INDEX('ЭкспедицияПлюс'!AF$1:AF$2,$G$1))) -> 12.9663
A21: CTSgroup | B21: ='Графики'!C36 -> TRUE | D21: =IF($B21=FALSE,"не выбрана",IF($G$1="","нет маршрута",INDEX('CTSgroup'!D$1:D$2,$G$1))) -> 300 | E21: =IF($B21=FALSE,"не выбрана",IF($G$1="","нет маршрута",INDEX('CTSgroup'!E$1:E$2,$G$1))) -> 300 | F21: =IF($B21=FALSE,"не выбрана",IF($G$1="","нет маршрута",INDEX('CTSgroup'!F$1:F$2,$G$1))) -> 300 | G21: =IF($B21=FALSE,"не выбрана",IF($G$1="","нет маршрута",INDEX('CTSgroup'!G$1:G$2,$G$1))) -> 300 | H21: =IF($B21=FALSE,"не выбрана",IF($G$1="","нет маршрута",INDEX('CTSgroup'!H$1:H$2,$G$1))) -> 300 | I21: =IF($B21=FALSE,"не выбрана",IF($G$1="","нет маршрута",INDEX('CTSgroup'!I$1:I$2,$G$1))) -> 300 | J21: =IF($B21=FALSE,"не выбрана",IF($G$1="","нет маршрута",INDEX('CTSgroup'!J$1:J$2,$G$1))) -> 346.5 | K21: =IF($B21=FALSE,"не выбрана",IF($G$1="","нет маршрута",INDEX('CTSgroup'!K$1:K$2,$G$1))) -> 396 | ... AF21: =IF($B21=FALSE,"не выбрана",IF($G$1="","нет маршрута",INDEX('CTSgroup'!AF$1:AF$2,$G$1))) -> 9
A22: Енисей | B22: ='Графики'!C37 -> FALSE | D22: =IF($B22=FALSE,"не выбрана",IF($G$1="","нет маршрута",INDEX('Енисей'!D$1:D$2,$G$1))) -> не выбрана | E22: =IF($B22=FALSE,"не выбрана",IF($G$1="","нет маршрута",INDEX('Енисей'!E$1:E$2,$G$1))) -> не выбрана | F22: =IF($B22=FALSE,"не выбрана",IF($G$1="","нет маршрута",INDEX('Енисей'!F$1:F$2,$G$1))) -> не выбрана | G22: =IF($B22=FALSE,"не выбрана",IF($G$1="","нет маршрута",INDEX('Енисей'!G$1:G$2,$G$1))) -> не выбрана | H22: =IF($B22=FALSE,"не выбрана",IF($G$1="","нет маршрута",INDEX('Енисей'!H$1:H$2,$G$1))) -> не выбрана | I22: =IF($B22=FALSE,"не выбрана",IF($G$1="","нет маршрута",INDEX('Енисей'!I$1:I$2,$G$1))) -> не выбрана | J22: =IF($B22=FALSE,"не выбрана",IF($G$1="","нет маршрута",INDEX('Енисей'!J$1:J$2,$G$1))) -> не выбрана | K22: =IF($B22=FALSE,"не выбрана",IF($G$1="","нет маршрута",INDEX('Енисей'!K$1:K$2,$G$1))) -> не выбрана | ... AF22: =IF($B22=FALSE,"не выбрана",IF($G$1="","нет маршрута",INDEX('Енисей'!AF$1:AF$2,$G$1))) -> не выбрана
A23: Терминал | B23: ='Графики'!C38 -> FALSE | D23: =IF($B23=FALSE,"не выбрана",IF($G$1="","нет маршрута",INDEX('Терминал'!D$1:D$2,$G$1))) -> не выбрана | E23: =IF($B23=FALSE,"не выбрана",IF($G$1="","нет маршрута",INDEX('Терминал'!E$1:E$2,$G$1))) -> не выбрана | F23: =IF($B23=FALSE,"не выбрана",IF($G$1="","нет маршрута",INDEX('Терминал'!F$1:F$2,$G$1))) -> не выбрана | G23: =IF($B23=FALSE,"не выбрана",IF($G$1="","нет маршрута",INDEX('Терминал'!G$1:G$2,$G$1))) -> не выбрана | H23: =IF($B23=FALSE,"не выбрана",IF($G$1="","нет маршрута",INDEX('Терминал'!H$1:H$2,$G$1))) -> не выбрана | I23: =IF($B23=FALSE,"не выбрана",IF($G$1="","нет маршрута",INDEX('Терминал'!I$1:I$2,$G$1))) -> не выбрана | J23: =IF($B23=FALSE,"не выбрана",IF($G$1="","нет маршрута",INDEX('Терминал'!J$1:J$2,$G$1))) -> не выбрана | K23: =IF($B23=FALSE,"не выбрана",IF($G$1="","нет маршрута",INDEX('Терминал'!K$1:K$2,$G$1))) -> не выбрана | ... AF23: =IF($B23=FALSE,"не выбрана",IF($G$1="","нет маршрута",INDEX('Терминал'!AF$1:AF$2,$G$1))) -> не выбрана
A24: Сибтехнотранс | B24: ='Графики'!C39 -> FALSE | D24: =IF($B24=FALSE,"не выбрана",IF($G$1="","нет маршрута",INDEX('Сибтехнотранс'!D$1:D$2,$G$1))) -> не выбрана | E24: =IF($B24=FALSE,"не выбрана",IF($G$1="","нет маршрута",INDEX('Сибтехнотранс'!E$1:E$2,$G$1))) -> не выбрана | F24: =IF($B24=FALSE,"не выбрана",IF($G$1="","нет маршрута",INDEX('Сибтехнотранс'!F$1:F$2,$G$1))) -> не выбрана | G24: =IF($B24=FALSE,"не выбрана",IF($G$1="","нет маршрута",INDEX('Сибтехнотранс'!G$1:G$2,$G$1))) -> не выбрана | H24: =IF($B24=FALSE,"не выбрана",IF($G$1="","нет маршрута",INDEX('Сибтехнотранс'!H$1:H$2,$G$1))) -> не выбрана | I24: =IF($B24=FALSE,"не выбрана",IF($G$1="","нет маршрута",INDEX('Сибтехнотранс'!I$1:I$2,$G$1))) -> не выбрана | J24: =IF($B24=FALSE,"не выбрана",IF($G$1="","нет маршрута",INDEX('Сибтехнотранс'!J$1:J$2,$G$1))) -> не выбрана | K24: =IF($B24=FALSE,"не выбрана",IF($G$1="","нет маршрута",INDEX('Сибтехнотранс'!K$1:K$2,$G$1))) -> не выбрана | ... AF24: =IF($B24=FALSE,"не выбрана",IF($G$1="","нет маршрута",INDEX('Сибтехнотранс'!AF$1:AF$2,$G$1))) -> не выбрана
A25: ИмперияАвто | B25: ='Графики'!C40 -> FALSE | D25: =IF($B25=FALSE,"не выбрана",IF($G$1="","нет маршрута",INDEX('ИмперияАвто'!D$1:D$2,$G$1))) -> не выбрана | E25: =IF($B25=FALSE,"не выбрана",IF($G$1="","нет маршрута",INDEX('ИмперияАвто'!E$1:E$2,$G$1))) -> не выбрана | F25: =IF($B25=FALSE,"не выбрана",IF($G$1="","нет маршрута",INDEX('ИмперияАвто'!F$1:F$2,$G$1))) -> не выбрана | G25: =IF($B25=FALSE,"не выбрана",IF($G$1="","нет маршрута",INDEX('ИмперияАвто'!G$1:G$2,$G$1))) -> не выбрана | H25: =IF($B25=FALSE,"не выбрана",IF($G$1="","нет маршрута",INDEX('ИмперияАвто'!H$1:H$2,$G$1))) -> не выбрана | I25: =IF($B25=FALSE,"не выбрана",IF($G$1="","нет маршрута",INDEX('ИмперияАвто'!I$1:I$2,$G$1))) -> не выбрана | J25: =IF($B25=FALSE,"не выбрана",IF($G$1="","нет маршрута",INDEX('ИмперияАвто'!J$1:J$2,$G$1))) -> не выбрана | K25: =IF($B25=FALSE,"не выбрана",IF($G$1="","нет маршрута",INDEX('ИмперияАвто'!K$1:K$2,$G$1))) -> не выбрана | ... AF25: =IF($B25=FALSE,"не выбрана",IF($G$1="","нет маршрута",INDEX('ИмперияАвто'!AF$1:AF$2,$G$1))) -> не выбрана
A26: Магистраль | B26: ='Графики'!C41 -> FALSE | D26: =IF($B26=FALSE,"не выбрана",IF($G$1="","нет маршрута",INDEX('Магистраль'!D$1:D$2,$G$1))) -> не выбрана | E26: =IF($B26=FALSE,"не выбрана",IF($G$1="","нет маршрута",INDEX('Магистраль'!E$1:E$2,$G$1))) -> не выбрана | F26: =IF($B26=FALSE,"не выбрана",IF($G$1="","нет маршрута",INDEX('Магистраль'!F$1:F$2,$G$1))) -> не выбрана | G26: =IF($B26=FALSE,"не выбрана",IF($G$1="","нет маршрута",INDEX('Магистраль'!G$1:G$2,$G$1))) -> не выбрана | H26: =IF($B26=FALSE,"не выбрана",IF($G$1="","нет маршрута",INDEX('Магистраль'!H$1:H$2,$G$1))) -> не выбрана | I26: =IF($B26=FALSE,"не выбрана",IF($G$1="","нет маршрута",INDEX('Магистраль'!I$1:I$2,$G$1))) -> не выбрана | J26: =IF($B26=FALSE,"не выбрана",IF($G$1="","нет маршрута",INDEX('Магистраль'!J$1:J$2,$G$1))) -> не выбрана | K26: =IF($B26=FALSE,"не выбрана",IF($G$1="","нет маршрута",INDEX('Магистраль'!K$1:K$2,$G$1))) -> не выбрана | ... AF26: =IF($B26=FALSE,"не выбрана",IF($G$1="","нет маршрута",INDEX('Магистраль'!AF$1:AF$2,$G$1))) -> не выбрана
A27: Транзит | B27: ='Графики'!C42 -> FALSE | D27: =IF($B27=FALSE,"не выбрана",IF($G$1="","нет маршрута",INDEX('Транзит'!D$1:D$2,$G$1))) -> не выбрана | E27: =IF($B27=FALSE,"не выбрана",IF($G$1="","нет маршрута",INDEX('Транзит'!E$1:E$2,$G$1))) -> не выбрана | F27: =IF($B27=FALSE,"не выбрана",IF($G$1="","нет маршрута",INDEX('Транзит'!F$1:F$2,$G$1))) -> не выбрана | G27: =IF($B27=FALSE,"не выбрана",IF($G$1="","нет маршрута",INDEX('Транзит'!G$1:G$2,$G$1))) -> не выбрана | H27: =IF($B27=FALSE,"не выбрана",IF($G$1="","нет маршрута",INDEX('Транзит'!H$1:H$2,$G$1))) -> не выбрана | I27: =IF($B27=FALSE,"не выбрана",IF($G$1="","нет маршрута",INDEX('Транзит'!I$1:I$2,$G$1))) -> не выбрана | J27: =IF($B27=FALSE,"не выбрана",IF($G$1="","нет маршрута",INDEX('Транзит'!J$1:J$2,$G$1))) -> не выбрана | K27: =IF($B27=FALSE,"не выбрана",IF($G$1="","нет маршрута",INDEX('Транзит'!K$1:K$2,$G$1))) -> не выбрана | ... AF27: =IF($B27=FALSE,"не выбрана",IF($G$1="","нет маршрута",INDEX('Транзит'!AF$1:AF$2,$G$1))) -> не выбрана
A28: АРТК | B28: ='Графики'!C43 -> FALSE | D28: =IF($B28=FALSE,"не выбрана",IF($G$1="","нет маршрута",INDEX('АРТК'!D$1:D$2,$G$1))) -> не выбрана | E28: =IF($B28=FALSE,"не выбрана",IF($G$1="","нет маршрута",INDEX('АРТК'!E$1:E$2,$G$1))) -> не выбрана | F28: =IF($B28=FALSE,"не выбрана",IF($G$1="","нет маршрута",INDEX('АРТК'!F$1:F$2,$G$1))) -> не выбрана | G28: =IF($B28=FALSE,"не выбрана",IF($G$1="","нет маршрута",INDEX('АРТК'!G$1:G$2,$G$1))) -> не выбрана | H28: =IF($B28=FALSE,"не выбрана",IF($G$1="","нет маршрута",INDEX('АРТК'!H$1:H$2,$G$1))) -> не выбрана | I28: =IF($B28=FALSE,"не выбрана",IF($G$1="","нет маршрута",INDEX('АРТК'!I$1:I$2,$G$1))) -> не выбрана | J28: =IF($B28=FALSE,"не выбрана",IF($G$1="","нет маршрута",INDEX('АРТК'!J$1:J$2,$G$1))) -> не выбрана | K28: =IF($B28=FALSE,"не выбрана",IF($G$1="","нет маршрута",INDEX('АРТК'!K$1:K$2,$G$1))) -> не выбрана | ... AF28: =IF($B28=FALSE,"не выбрана",IF($G$1="","нет маршрута",INDEX('АРТК'!AF$1:AF$2,$G$1))) -> не выбрана
A29: Аскор | B29: ='Графики'!C44 -> FALSE | D29: =IF($B29=FALSE,"не выбрана",IF($G$1="","нет маршрута",INDEX('Аскор'!D$1:D$2,$G$1))) -> не выбрана | E29: =IF($B29=FALSE,"не выбрана",IF($G$1="","нет маршрута",INDEX('Аскор'!E$1:E$2,$G$1))) -> не выбрана | F29: =IF($B29=FALSE,"не выбрана",IF($G$1="","нет маршрута",INDEX('Аскор'!F$1:F$2,$G$1))) -> не выбрана | G29: =IF($B29=FALSE,"не выбрана",IF($G$1="","нет маршрута",INDEX('Аскор'!G$1:G$2,$G$1))) -> не выбрана | H29: =IF($B29=FALSE,"не выбрана",IF($G$1="","нет маршрута",INDEX('Аскор'!H$1:H$2,$G$1))) -> не выбрана | I29: =IF($B29=FALSE,"не выбрана",IF($G$1="","нет маршрута",INDEX('Аскор'!I$1:I$2,$G$1))) -> не выбрана | J29: =IF($B29=FALSE,"не выбрана",IF($G$1="","нет маршрута",INDEX('Аскор'!J$1:J$2,$G$1))) -> не выбрана | K29: =IF($B29=FALSE,"не выбрана",IF($G$1="","нет маршрута",INDEX('Аскор'!K$1:K$2,$G$1))) -> не выбрана | ... AF29: =IF($B29=FALSE,"не выбрана",IF($G$1="","нет маршрута",INDEX('Аскор'!AF$1:AF$2,$G$1))) -> не выбрана
A30: КараванКарго | B30: ='Графики'!C45 -> FALSE | D30: =IF($B30=FALSE,"не выбрана",IF($G$1="","нет маршрута",INDEX('КараванКарго'!D$1:D$2,$G$1))) -> не выбрана | E30: =IF($B30=FALSE,"не выбрана",IF($G$1="","нет маршрута",INDEX('КараванКарго'!E$1:E$2,$G$1))) -> не выбрана | F30: =IF($B30=FALSE,"не выбрана",IF($G$1="","нет маршрута",INDEX('КараванКарго'!F$1:F$2,$G$1))) -> не выбрана | G30: =IF($B30=FALSE,"не выбрана",IF($G$1="","нет маршрута",INDEX('КараванКарго'!G$1:G$2,$G$1))) -> не выбрана | H30: =IF($B30=FALSE,"не выбрана",IF($G$1="","нет маршрута",INDEX('КараванКарго'!H$1:H$2,$G$1))) -> не выбрана | I30: =IF($B30=FALSE,"не выбрана",IF($G$1="","нет маршрута",INDEX('КараванКарго'!I$1:I$2,$G$1))) -> не выбрана | J30: =IF($B30=FALSE,"не выбрана",IF($G$1="","нет маршрута",INDEX('КараванКарго'!J$1:J$2,$G$1))) -> не выбрана | K30: =IF($B30=FALSE,"не выбрана",IF($G$1="","нет маршрута",INDEX('КараванКарго'!K$1:K$2,$G$1))) -> не выбрана | ... AF30: =IF($B30=FALSE,"не выбрана",IF($G$1="","нет маршрута",INDEX('КараванКарго'!AF$1:AF$2,$G$1))) -> не выбрана
A31: СолнечныйМагадан | B31: ='Графики'!C46 -> FALSE | D31: =IF($B31=FALSE,"не выбрана",IF($G$1="","нет маршрута",INDEX('СолнечныйМагадан'!D$1:D$2,$G$1))) -> не выбрана | E31: =IF($B31=FALSE,"не выбрана",IF($G$1="","нет маршрута",INDEX('СолнечныйМагадан'!E$1:E$2,$G$1))) -> не выбрана | F31: =IF($B31=FALSE,"не выбрана",IF($G$1="","нет маршрута",INDEX('СолнечныйМагадан'!F$1:F$2,$G$1))) -> не выбрана | G31: =IF($B31=FALSE,"не выбрана",IF($G$1="","нет маршрута",INDEX('СолнечныйМагадан'!G$1:G$2,$G$1))) -> не выбрана | H31: =IF($B31=FALSE,"не выбрана",IF($G$1="","нет маршрута",INDEX('СолнечныйМагадан'!H$1:H$2,$G$1))) -> не выбрана | I31: =IF($B31=FALSE,"не выбрана",IF($G$1="","нет маршрута",INDEX('СолнечныйМагадан'!I$1:I$2,$G$1))) -> не выбрана | J31: =IF($B31=FALSE,"не выбрана",IF($G$1="","нет маршрута",INDEX('СолнечныйМагадан'!J$1:J$2,$G$1))) -> не выбрана | K31: =IF($B31=FALSE,"не выбрана",IF($G$1="","нет маршрута",INDEX('СолнечныйМагадан'!K$1:K$2,$G$1))) -> не выбрана | ... AF31: =IF($B31=FALSE,"не выбрана",IF($G$1="","нет маршрута",INDEX('СолнечныйМагадан'!AF$1:AF$2,$G$1))) -> не выбрана
A32: Анкор | B32: ='Графики'!C47 -> FALSE | D32: =IF($B32=FALSE,"не выбрана",IF($G$1="","нет маршрута",INDEX('Анкор'!D$1:D$2,$G$1))) -> не выбрана | E32: =IF($B32=FALSE,"не выбрана",IF($G$1="","нет маршрута",INDEX('Анкор'!E$1:E$2,$G$1))) -> не выбрана | F32: =IF($B32=FALSE,"не выбрана",IF($G$1="","нет маршрута",INDEX('Анкор'!F$1:F$2,$G$1))) -> не выбрана | G32: =IF($B32=FALSE,"не выбрана",IF($G$1="","нет маршрута",INDEX('Анкор'!G$1:G$2,$G$1))) -> не выбрана | H32: =IF($B32=FALSE,"не выбрана",IF($G$1="","нет маршрута",INDEX('Анкор'!H$1:H$2,$G$1))) -> не выбрана | I32: =IF($B32=FALSE,"не выбрана",IF($G$1="","нет маршрута",INDEX('Анкор'!I$1:I$2,$G$1))) -> не выбрана | J32: =IF($B32=FALSE,"не выбрана",IF($G$1="","нет маршрута",INDEX('Анкор'!J$1:J$2,$G$1))) -> не выбрана | K32: =IF($B32=FALSE,"не выбрана",IF($G$1="","нет маршрута",INDEX('Анкор'!K$1:K$2,$G$1))) -> не выбрана | ... AF32: =IF($B32=FALSE,"не выбрана",IF($G$1="","нет маршрута",INDEX('Анкор'!AF$1:AF$2,$G$1))) -> не выбрана
A33: ЖелдорАльянс | B33: ='Графики'!C48 -> FALSE | D33: =IF($B33=FALSE,"не выбрана",IF($G$1="","нет маршрута",INDEX('ЖелдорАльянс'!D$1:D$2,$G$1))) -> не выбрана | E33: =IF($B33=FALSE,"не выбрана",IF($G$1="","нет маршрута",INDEX('ЖелдорАльянс'!E$1:E$2,$G$1))) -> не выбрана | F33: =IF($B33=FALSE,"не выбрана",IF($G$1="","нет маршрута",INDEX('ЖелдорАльянс'!F$1:F$2,$G$1))) -> не выбрана | G33: =IF($B33=FALSE,"не выбрана",IF($G$1="","нет маршрута",INDEX('ЖелдорАльянс'!G$1:G$2,$G$1))) -> не выбрана | H33: =IF($B33=FALSE,"не выбрана",IF($G$1="","нет маршрута",INDEX('ЖелдорАльянс'!H$1:H$2,$G$1))) -> не выбрана | I33: =IF($B33=FALSE,"не выбрана",IF($G$1="","нет маршрута",INDEX('ЖелдорАльянс'!I$1:I$2,$G$1))) -> не выбрана | J33: =IF($B33=FALSE,"не выбрана",IF($G$1="","нет маршрута",INDEX('ЖелдорАльянс'!J$1:J$2,$G$1))) -> не выбрана | K33: =IF($B33=FALSE,"не выбрана",IF($G$1="","нет маршрута",INDEX('ЖелдорАльянс'!K$1:K$2,$G$1))) -> не выбрана | ... AF33: =IF($B33=FALSE,"не выбрана",IF($G$1="","нет маршрута",INDEX('ЖелдорАльянс'!AF$1:AF$2,$G$1))) -> не выбрана
A34: ЖелдорЭкспресс | B34: ='Графики'!C49 -> FALSE | D34: =IF($B34=FALSE,"не выбрана",IF($G$1="","нет маршрута",INDEX('ЖелдорЭкспресс'!D$1:D$2,$G$1))) -> не выбрана | E34: =IF($B34=FALSE,"не выбрана",IF($G$1="","нет маршрута",INDEX('ЖелдорЭкспресс'!E$1:E$2,$G$1))) -> не выбрана | F34: =IF($B34=FALSE,"не выбрана",IF($G$1="","нет маршрута",INDEX('ЖелдорЭкспресс'!F$1:F$2,$G$1))) -> не выбрана | G34: =IF($B34=FALSE,"не выбрана",IF($G$1="","нет маршрута",INDEX('ЖелдорЭкспресс'!G$1:G$2,$G$1))) -> не выбрана | H34: =IF($B34=FALSE,"не выбрана",IF($G$1="","нет маршрута",INDEX('ЖелдорЭкспресс'!H$1:H$2,$G$1))) -> не выбрана | I34: =IF($B34=FALSE,"не выбрана",IF($G$1="","нет маршрута",INDEX('ЖелдорЭкспресс'!I$1:I$2,$G$1))) -> не выбрана | J34: =IF($B34=FALSE,"не выбрана",IF($G$1="","нет маршрута",INDEX('ЖелдорЭкспресс'!J$1:J$2,$G$1))) -> не выбрана | K34: =IF($B34=FALSE,"не выбрана",IF($G$1="","нет маршрута",INDEX('ЖелдорЭкспресс'!K$1:K$2,$G$1))) -> не выбрана | ... AF34: =IF($B34=FALSE,"не выбрана",IF($G$1="","нет маршрута",INDEX('ЖелдорЭкспресс'!AF$1:AF$2,$G$1))) -> не выбрана
A35: МТК авто | B35: ='Графики'!C50 -> FALSE | D35: =IF($B35=FALSE,"не выбрана",IF($G$1="","нет маршрута",INDEX('МТК авто'!D$1:D$2,$G$1))) -> не выбрана | E35: =IF($B35=FALSE,"не выбрана",IF($G$1="","нет маршрута",INDEX('МТК авто'!E$1:E$2,$G$1))) -> не выбрана | F35: =IF($B35=FALSE,"не выбрана",IF($G$1="","нет маршрута",INDEX('МТК авто'!F$1:F$2,$G$1))) -> не выбрана | G35: =IF($B35=FALSE,"не выбрана",IF($G$1="","нет маршрута",INDEX('МТК авто'!G$1:G$2,$G$1))) -> не выбрана | H35: =IF($B35=FALSE,"не выбрана",IF($G$1="","нет маршрута",INDEX('МТК авто'!H$1:H$2,$G$1))) -> не выбрана | I35: =IF($B35=FALSE,"не выбрана",IF($G$1="","нет маршрута",INDEX('МТК авто'!I$1:I$2,$G$1))) -> не выбрана | J35: =IF($B35=FALSE,"не выбрана",IF($G$1="","нет маршрута",INDEX('МТК авто'!J$1:J$2,$G$1))) -> не выбрана | K35: =IF($B35=FALSE,"не выбрана",IF($G$1="","нет маршрута",INDEX('МТК авто'!K$1:K$2,$G$1))) -> не выбрана | ... AF35: =IF($B35=FALSE,"не выбрана",IF($G$1="","нет маршрута",INDEX('МТК авто'!AF$1:AF$2,$G$1))) -> не выбрана
A36: МТК жд | B36: ='Графики'!C51 -> FALSE | D36: =IF($B36=FALSE,"не выбрана",IF($G$1="","нет маршрута",INDEX('МТК жд'!D$1:D$2,$G$1))) -> не выбрана | E36: =IF($B36=FALSE,"не выбрана",IF($G$1="","нет маршрута",INDEX('МТК жд'!E$1:E$2,$G$1))) -> не выбрана | F36: =IF($B36=FALSE,"не выбрана",IF($G$1="","нет маршрута",INDEX('МТК жд'!F$1:F$2,$G$1))) -> не выбрана | G36: =IF($B36=FALSE,"не выбрана",IF($G$1="","нет маршрута",INDEX('МТК жд'!G$1:G$2,$G$1))) -> не выбрана | H36: =IF($B36=FALSE,"не выбрана",IF($G$1="","нет маршрута",INDEX('МТК жд'!H$1:H$2,$G$1))) -> не выбрана | I36: =IF($B36=FALSE,"не выбрана",IF($G$1="","нет маршрута",INDEX('МТК жд'!I$1:I$2,$G$1))) -> не выбрана | J36: =IF($B36=FALSE,"не выбрана",IF($G$1="","нет маршрута",INDEX('МТК жд'!J$1:J$2,$G$1))) -> не выбрана | K36: =IF($B36=FALSE,"не выбрана",IF($G$1="","нет маршрута",INDEX('МТК жд'!K$1:K$2,$G$1))) -> не выбрана | ... AF36: =IF($B36=FALSE,"не выбрана",IF($G$1="","нет маршрута",INDEX('МТК жд'!AF$1:AF$2,$G$1))) -> не выбрана
A37: Байкал Сервис | B37: ='Графики'!C52 -> TRUE | D37: =IF($B37=FALSE,"не выбрана",IF($G$1="","нет маршрута",INDEX('Байкал Сервис'!D$1:D$2,$G$1))) -> нет данных | E37: =IF($B37=FALSE,"не выбрана",IF($G$1="","нет маршрута",INDEX('Байкал Сервис'!E$1:E$2,$G$1))) -> нет данных | F37: =IF($B37=FALSE,"не выбрана",IF($G$1="","нет маршрута",INDEX('Байкал Сервис'!F$1:F$2,$G$1))) -> нет данных | G37: =IF($B37=FALSE,"не выбрана",IF($G$1="","нет маршрута",INDEX('Байкал Сервис'!G$1:G$2,$G$1))) -> нет данных | H37: =IF($B37=FALSE,"не выбрана",IF($G$1="","нет маршрута",INDEX('Байкал Сервис'!H$1:H$2,$G$1))) -> нет данных | I37: =IF($B37=FALSE,"не выбрана",IF($G$1="","нет маршрута",INDEX('Байкал Сервис'!I$1:I$2,$G$1))) -> нет данных | J37: =IF($B37=FALSE,"не выбрана",IF($G$1="","нет маршрута",INDEX('Байкал Сервис'!J$1:J$2,$G$1))) -> нет данных | K37: =IF($B37=FALSE,"не выбрана",IF($G$1="","нет маршрута",INDEX('Байкал Сервис'!K$1:K$2,$G$1))) -> нет данных | ... AF37: =IF($B37=FALSE,"не выбрана",IF($G$1="","нет маршрута",INDEX('Байкал Сервис'!AF$1:AF$2,$G$1))) -> нет данных

Sheet WernerOld
A1: WernerOld | D1: 0-1кг | E1: 1-3кг | F1: 3-5кг | G1: 5-10кг | H1: 10-15кг | I1: 15-20кг | J1: 20-35кг | K1: 35-40кг | L1: 40-50кг | M1: МИН | N1: до 100 | O1: до 200 | P1: до 250 | Q1: до 300 | R1: до 400 | S1: до 500 | T1: до 600 | U1: до 700 | V1: до 750 | W1: до 800 | X1: до 1000 | Y1: до 1200 | Z1: до 1500 | AA1: до 2000 | AB1: до 2500 | AC1: до 3000 | AD1: до 5000 | AE1: до 10000 | AF1: до 20000 | AH1: 0,2-0,4 | AI1: 0,4-0,6 | AJ1: 0,6-0,8 | AK1: 0,8-1,1 | AL1: 1,1-1,2 | AM1: 1,2-1,3 | AN1: 1,3-1,5 | AO1: 1,5-1,8 | AP1: 1,8-2 | AQ1: 2-2,3 | AR1: 2,3-2,5 | AS1: 2,5-3 | AT1: 3-3,2 | AU1: 3,2-3,6 | AV1: 3,6-4 | AW1: 4--5 | AX1: 5-5,5 | AY1: 5,5-5,8 | AZ1: 5,8-6 | BA1: 6--7 | BB1: 7-7,5 | BC1: 7,5-8 | BD1: 8--10 | BE1: 10--12 | BF1: 12--15 | BG1: 15--20 | BH1: 20--25 | BI1: 25--40 | BJ1: 40--45 | BK1: 40--80
A2: 1 | B2: Москва | C2: Санкт-Петербург | D2: нет истории | E2: нет истории | F2: нет истории | G2: нет истории | H2: нет истории | I2: нет истории | J2: нет истории | K2: нет истории | L2: нет истории | M2: нет истории | N2: нет истории | O2: нет истории | P2: нет истории | Q2: нет истории | R2: нет истории | S2: нет истории | T2: нет истории | U2: нет истории | V2: нет истории | W2: нет истории | X2: нет истории | Y2: нет истории | Z2: нет истории | AA2: нет истории | AB2: нет истории | AC2: нет истории | AD2: нет истории | AE2: нет истории | AF2: нет истории | AH2: не собрано | AI2: не собрано | AJ2: не собрано | AK2: не собрано | AL2: не собрано | AM2: не собрано | AN2: не собрано | AO2: не собрано | AP2: не собрано | AQ2: не собрано | AR2: не собрано | AS2: не собрано | AT2: не собрано | AU2: не собрано | AV2: не собрано | AW2: не собрано | AX2: не собрано | AY2: не собрано | AZ2: не собрано | BA2: не собрано | BB2: не собрано | BC2: не собрано | BD2: не собрано | BE2: не собрано | BF2: не собрано | BG2: не собрано | BH2: не собрано | BI2: не собрано | BJ2: не собрано | BK2: не собрано
B5: D:L — отправка, ₽; M — минимум, ₽; N:AF — эффективная стоимость, ₽/кг.
B6: AH:BK — структура объёмных тарифов; эти данные приложением не собираются.

Sheet Графики
B14: Малые веса и МИН — ₽. От 100 кг — эффективные ₽/кг.
B15: Экспорт 14.09.2026 16:12
B16: Москва | F16: Санкт-Петербург
B18: Компания | C18: Включена | D18: в | E18: 0-1кг | F18: 1-3кг | G18: 3-5кг | H18: 5-10кг | I18: 10-15кг | J18: 15-20кг | K18: 20-35кг | L18: 35-40кг | M18: 40-50кг | N18: МИН | O18: до 100кг | P18: до 200кг | Q18: до 250кг | R18: до 300кг | S18: до 400кг | T18: до 500кг | U18: до 600кг | V18: до 700кг | W18: до 750кг | X18: до 800кг | Y18: до 1000кг | Z18: до 1200кг | AA18: до 1500кг | AB18: до 2000кг | AC18: до 2500кг | AD18: до 3000кг | AE18: до 5000кг | AF18: до 10000кг | AG18: до 20000кг | AI18: 0,2- 0,4 | AJ18: 0,4-0,6 | AK18: 0,6-0,8 | AL18: 0,8-1,1 | AM18: 1,1-1,2 | AN18: 1,2-1,3 | AO18: 1,3-1,5 | AP18: 1,5-1,8 | AQ18: 1,8-2 | AR18: 2-2,3 | AS18: 2,3-2,5 | AT18: 2,5-3 | AU18: 3-3,2 | AV18: 3,2-3,6 | AW18: 3,6-4 | AX18: 4--5 | AY18: 5-5,5 | AZ18: 5,5-5,8 | BA18: 5,8-6 | BB18: 6--7 | BC18: 7-7,5 | BD18: 7,5-8 | BE18: 8--10 | BF18: 10--12 | BG18: 12--15 | BH18: 15--20 | BI18: 20--25 | BJ18: 25--40 | BK18: 40--45
B19: WernerNEW | C19: TRUE | E19: ='рабочий'!D4 -> 246 | F19: ='рабочий'!E4 -> 246 | G19: ='рабочий'!F4 -> 246 | H19: ='рабочий'!G4 -> 453 | I19: ='рабочий'!H4 -> 453 | J19: ='рабочий'!I4 -> 453 | K19: ='рабочий'!J4 -> 510 | L19: ='рабочий'!K4 -> 570 | ... AG19: ='рабочий'!AF4 -> 11.0051 | AI19: не собрано | AJ19: не собрано | AK19: не собрано | AL19: не собрано | AM19: не собрано | AN19: не собрано | AO19: не собрано | AP19: не собрано | AQ19: не собрано | AR19: не собрано | AS19: не собрано | AT19: не собрано | AU19: не собрано | AV19: не собрано | AW19: не собрано | AX19: не собрано | AY19: не собрано | AZ19: не собрано | BA19: не собрано | BB19: не собрано | BC19: не собрано | BD19: не собрано | BE19: не собрано | BF19: не собрано | BG19: не собрано | BH19: не собрано | BI19: не собрано | BJ19: не собрано | BK19: не собрано | BL19: не собрано
B20: WernerOld | C20: FALSE | E20: ='рабочий'!D5 -> не выбрана | F20: ='рабочий'!E5 -> не выбрана | G20: ='рабочий'!F5 -> не выбрана | H20: ='рабочий'!G5 -> не выбрана | I20: ='рабочий'!H5 -> не выбрана | J20: ='рабочий'!I5 -> не выбрана | K20: ='рабочий'!J5 -> не выбрана | L20: ='рабочий'!K5 -> не выбрана | ... AG20: ='рабочий'!AF5 -> не выбрана | AI20: не собрано | AJ20: не собрано | AK20: не собрано | AL20: не собрано | AM20: не собрано | AN20: не собрано | AO20: не собрано | AP20: не собрано | AQ20: не собрано | AR20: не собрано | AS20: не собрано | AT20: не собрано | AU20: не собрано | AV20: не собрано | AW20: не собрано | AX20: не собрано | AY20: не собрано | AZ20: не собрано | BA20: не собрано | BB20: не собрано | BC20: не собрано | BD20: не собрано | BE20: не собрано | BF20: не собрано | BG20: не собрано | BH20: не собрано | BI20: не собрано | BJ20: не собрано | BK20: не собрано | BL20: не собрано
B21: ДЛ | C21: TRUE | E21: ='рабочий'!D6 -> нет данных | F21: ='рабочий'!E6 -> нет данных | G21: ='рабочий'!F6 -> нет данных | H21: ='рабочий'!G6 -> нет данных | I21: ='рабочий'!H6 -> нет данных | J21: ='рабочий'!I6 -> нет данных | K21: ='рабочий'!J6 -> нет данных | L21: ='рабочий'!K6 -> нет данных | ... AG21: ='рабочий'!AF6 -> нет данных | AI21: не собрано | AJ21: не собрано | AK21: не собрано | AL21: не собрано | AM21: не собрано | AN21: не собрано | AO21: не собрано | AP21: не собрано | AQ21: не собрано | AR21: не собрано | AS21: не собрано | AT21: не собрано | AU21: не собрано | AV21: не собрано | AW21: не собрано | AX21: не собрано | AY21: не собрано | AZ21: не собрано | BA21: не собрано | BB21: не собрано | BC21: не собрано | BD21: не собрано | BE21: не собрано | BF21: не собрано | BG21: не собрано | BH21: не собрано | BI21: не собрано | BJ21: не собрано | BK21: не собрано | BL21: не собрано
B22: ПЭК | C22: TRUE | E22: ='рабочий'!D7 -> нет данных | F22: ='рабочий'!E7 -> нет данных | G22: ='рабочий'!F7 -> нет данных | H22: ='рабочий'!G7 -> нет данных | I22: ='рабочий'!H7 -> нет данных | J22: ='рабочий'!I7 -> нет данных | K22: ='рабочий'!J7 -> нет данных | L22: ='рабочий'!K7 -> нет данных | ... AG22: ='рабочий'!AF7 -> нет данных | AI22: не собрано | AJ22: не собрано | AK22: не собрано | AL22: не собрано | AM22: не собрано | AN22: не собрано | AO22: не собрано | AP22: не собрано | AQ22: не собрано | AR22: не собрано | AS22: не собрано | AT22: не собрано | AU22: не собрано | AV22: не собрано | AW22: не собрано | AX22: не собрано | AY22: не собрано | AZ22: не собрано | BA22: не собрано | BB22: не собрано | BC22: не собрано | BD22: не собрано | BE22: не собрано | BF22: не собрано | BG22: не собрано | BH22: не собрано | BI22: не собрано | BJ22: не собрано | BK22: не собрано | BL22: не собрано
B23: КИТ | C23: TRUE | E23: ='рабочий'!D8 -> 680 | F23: ='рабочий'!E8 -> 800 | G23: ='рабочий'!F8 -> 800 | H23: ='рабочий'!G8 -> 920 | I23: ='рабочий'!H8 -> 920 | J23: ='рабочий'!I8 -> 1000 | K23: ='рабочий'!J8 -> 1000 | L23: ='рабочий'!K8 -> 732 | ... AG23: ='рабочий'!AF8 -> 16.7 | AI23: не собрано | AJ23: не собрано | AK23: не собрано | AL23: не собрано | AM23: не собрано | AN23: не собрано | AO23: не собрано | AP23: не собрано | AQ23: не собрано | AR23: не собрано | AS23: не собрано | AT23: не собрано | AU23: не собрано | AV23: не собрано | AW23: не собрано | AX23: не собрано | AY23: не собрано | AZ23: не собрано | BA23: не собрано | BB23: не собрано | BC23: не собрано | BD23: не собрано | BE23: не собрано | BF23: не собрано | BG23: не собрано | BH23: не собрано | BI23: не собрано | BJ23: не собрано | BK23: не собрано | BL23: не собрано
B24: Возовоз | C24: TRUE | E24: ='рабочий'!D9 -> нет данных | F24: ='рабочий'!E9 -> нет данных | G24: ='рабочий'!F9 -> нет данных | H24: ='рабочий'!G9 -> нет данных | I24: ='рабочий'!H9 -> нет данных | J24: ='рабочий'!I9 -> нет данных | K24: ='рабочий'!J9 -> нет данных | L24: ='рабочий'!K9 -> нет данных | ... AG24: ='рабочий'!AF9 -> нет данных | AI24: не собрано | AJ24: не собрано | AK24: не собрано | AL24: не собрано | AM24: не собрано | AN24: не собрано | AO24: не собрано | AP24: не собрано | AQ24: не собрано | AR24: не собрано | AS24: не собрано | AT24: не собрано | AU24: не собрано | AV24: не собрано | AW24: не собрано | AX24: не собрано | AY24: не собрано | AZ24: не собрано | BA24: не собрано | BB24: не собрано | BC24: не собрано | BD24: не собрано | BE24: не собрано | BF24: не собрано | BG24: не собрано | BH24: не собрано | BI24: не собрано | BJ24: не собрано | BK24: не собрано | BL24: не собрано
B25: Мейджик | C25: TRUE | E25: ='рабочий'!D10 -> 500 | F25: ='рабочий'!E10 -> 600 | G25: ='рабочий'!F10 -> 600 | H25: ='рабочий'!G10 -> 700 | I25: ='рабочий'!H10 -> 700 | J25: ='рабочий'!I10 -> 700 | K25: ='рабочий'!J10 -> 700 | L25: ='рабочий'!K10 -> 700 | ... AG25: ='рабочий'!AF10 -> 12.5 | AI25: не собрано | AJ25: не собрано | AK25: не собрано | AL25: не собрано | AM25: не собрано | AN25: не собрано | AO25: не собрано | AP25: не собрано | AQ25: не собрано | AR25: не собрано | AS25: не собрано | AT25: не собрано | AU25: не собрано | AV25: не собрано | AW25: не собрано | AX25: не собрано | AY25: не собрано | AZ25: не собрано | BA25: не собрано | BB25: не собрано | BC25: не собрано | BD25: не собрано | BE25: не собрано | BF25: не собрано | BG25: не собрано | BH25: не собрано | BI25: не собрано | BJ25: не собрано | BK25: не собрано | BL25: не собрано
B26: Главтрасса | C26: TRUE | E26: ='рабочий'!D11 -> 390 | F26: ='рабочий'!E11 -> 390 | G26: ='рабочий'!F11 -> 390 | H26: ='рабочий'!G11 -> 400 | I26: ='рабочий'!H11 -> 400 | J26: ='рабочий'!I11 -> 400 | K26: ='рабочий'!J11 -> 456 | L26: ='рабочий'!K11 -> 550 | ... AG26: ='рабочий'!AF11 -> 14.3751 | AI26: не собрано | AJ26: не собрано | AK26: не собрано | AL26: не собрано | AM26: не собрано | AN26: не собрано | AO26: не собрано | AP26: не собрано | AQ26: не собрано | AR26: не собрано | AS26: не собрано | AT26: не собрано | AU26: не собрано | AV26: не собрано | AW26: не собрано | AX26: не собрано | AY26: не собрано | AZ26: не собрано | BA26: не собрано | BB26: не собрано | BC26: не собрано | BD26: не собрано | BE26: не собрано | BF26: не собрано | BG26: не собрано | BH26: не собрано | BI26: не собрано | BJ26: не собрано | BK26: не собрано | BL26: не собрано
B27: Пролайн | C27: TRUE | E27: ='рабочий'!D12 -> 550 | F27: ='рабочий'!E12 -> 550 | G27: ='рабочий'!F12 -> 550 | H27: ='рабочий'!G12 -> 550 | I27: ='рабочий'!H12 -> 550 | J27: ='рабочий'!I12 -> 550 | K27: ='рабочий'!J12 -> 550 | L27: ='рабочий'!K12 -> 560 | ... AG27: ='рабочий'!AF12 -> 12 | AI27: не собрано | AJ27: не собрано | AK27: не собрано | AL27: не собрано | AM27: не собрано | AN27: не собрано | AO27: не собрано | AP27: не собрано | AQ27: не собрано | AR27: не собрано | AS27: не собрано | AT27: не собрано | AU27: не собрано | AV27: не собрано | AW27: не собрано | AX27: не собрано | AY27: не собрано | AZ27: не собрано | BA27: не собрано | BB27: не собрано | BC27: не собрано | BD27: не собрано | BE27: не собрано | BF27: не собрано | BG27: не собрано | BH27: не собрано | BI27: не собрано | BJ27: не собрано | BK27: не собрано | BL27: не собрано
B28: Фортуна | C28: TRUE | E28: ='рабочий'!D13 -> 580 | F28: ='рабочий'!E13 -> 580 | G28: ='рабочий'!F13 -> 580 | H28: ='рабочий'!G13 -> 580 | I28: ='рабочий'!H13 -> 580 | J28: ='рабочий'!I13 -> 710 | K28: ='рабочий'!J13 -> 710 | L28: ='рабочий'!K13 -> 710 | ... AG28: ='рабочий'!AF13 -> 12.1 | AI28: не собрано | AJ28: не собрано | AK28: не собрано | AL28: не собрано | AM28: не собрано | AN28: не собрано | AO28: не собрано | AP28: не собрано | AQ28: не собрано | AR28: не собрано | AS28: не собрано | AT28: не собрано | AU28: не собрано | AV28: не собрано | AW28: не собрано | AX28: не собрано | AY28: не собрано | AZ28: не собрано | BA28: не собрано | BB28: не собрано | BC28: не собрано | BD28: не собрано | BE28: не собрано | BF28: не собрано | BG28: не собрано | BH28: не собрано | BI28: не собрано | BJ28: не собрано | BK28: не собрано | BL28: не собрано
B29: Грузопоток | C29: TRUE | E29: ='рабочий'!D14 -> нет данных | F29: ='рабочий'!E14 -> нет данных | G29: ='рабочий'!F14 -> нет данных | H29: ='рабочий'!G14 -> нет данных | I29: ='рабочий'!H14 -> нет данных | J29: ='рабочий'!I14 -> нет данных | K29: ='рабочий'!J14 -> нет данных | L29: ='рабочий'!K14 -> нет данных | ... AG29: ='рабочий'!AF14 -> нет данных | AI29: не собрано | AJ29: не собрано | AK29: не собрано | AL29: не собрано | AM29: не собрано | AN29: не собрано | AO29: не собрано | AP29: не собрано | AQ29: не собрано | AR29: не собрано | AS29: не собрано | AT29: не собрано | AU29: не собрано | AV29: не собрано | AW29: не собрано | AX29: не собрано | AY29: не собрано | AZ29: не собрано | BA29: не собрано | BB29: не собрано | BC29: не собрано | BD29: не собрано | BE29: не собрано | BF29: не собрано | BG29: не собрано | BH29: не собрано | BI29: не собрано | BJ29: не собрано | BK29: не собрано | BL29: не собрано
B30: ФастТранс | C30: TRUE | E30: ='рабочий'!D15 -> 720 | F30: ='рабочий'!E15 -> 720 | G30: ='рабочий'!F15 -> 720 | H30: ='рабочий'!G15 -> 750 | I30: ='рабочий'!H15 -> 750 | J30: ='рабочий'!I15 -> 750 | K30: ='рабочий'!J15 -> 850 | L30: ='рабочий'!K15 -> 850 | ... AG30: ='рабочий'!AF15 -> 12.8 | AI30: не собрано | AJ30: не собрано | AK30: не собрано | AL30: не собрано | AM30: не собрано | AN30: не собрано | AO30: не собрано | AP30: не собрано | AQ30: не собрано | AR30: не собрано | AS30: не собрано | AT30: не собрано | AU30: не собрано | AV30: не собрано | AW30: не собрано | AX30: не собрано | AY30: не собрано | AZ30: не собрано | BA30: не собрано | BB30: не собрано | BC30: не собрано | BD30: не собрано | BE30: не собрано | BF30: не собрано | BG30: не собрано | BH30: не собрано | BI30: не собрано | BJ30: не собрано | BK30: не собрано | BL30: не собрано
... B52: Байкал Сервис | C52: TRUE | E52: ='рабочий'!D37 -> нет данных | F52: ='рабочий'!E37 -> нет данных | G52: ='рабочий'!F37 -> нет данных | H52: ='рабочий'!G37 -> нет данных | I52: ='рабочий'!H37 -> нет данных | J52: ='рабочий'!I37 -> нет данных | K52: ='рабочий'!J37 -> нет данных | L52: ='рабочий'!K37 -> нет данных | ... AG52: ='рабочий'!AF37 -> нет данных | AI52: не собрано | AJ52: не собрано | AK52: не собрано | AL52: не собрано | AM52: не собрано | AN52: не собрано | AO52: не собрано | AP52: не собрано | AQ52: не собрано | AR52: не собрано | AS52: не собрано | AT52: не собрано | AU52: не собрано | AV52: не собрано | AW52: не собрано | AX52: не собрано | AY52: не собрано | AZ52: не собрано | BA52: не собрано | BB52: не собрано | BC52: не собрано | BD52: не собрано | BE52: не собрано | BF52: не собрано | BG52: не собрано | BH52: не собрано | BI52: не собрано | BJ52: не собрано | BK52: не собрано | BL52: не собрано
B54: Онлайн-сбор: время проверки каждой строки — на листе «Источники». Старые цены и файлы пользователя не включены.
B55: Для смены маршрута выберите пару на листе «Направления» и измените B16 и F16.
B56: Для новых цен запустите «Все компании и маршруты» в приложении. Сохранённый Excel сам сайты не опрашивает.

Sheet WernerNEW
A1: WernerNEW | D1: 0-1кг | E1: 1-3кг | F1: 3-5кг | G1: 5-10кг | H1: 10-15кг | I1: 15-20кг | J1: 20-35кг | K1: 35-40кг | L1: 40-50кг | M1: МИН | N1: до 100 | O1: до 200 | P1: до 250 | Q1: до 300 | R1: до 400 | S1: до 500 | T1: до 600 | U1: до 700 | V1: до 750 | W1: до 800 | X1: до 1000 | Y1: до 1200 | Z1: до 1500 | AA1: до 2000 | AB1: до 2500 | AC1: до 3000 | AD1: до 5000 | AE1: до 10000 | AF1: до 20000 | AH1: 0,2-0,4 | AI1: 0,4-0,6 | AJ1: 0,6-0,8 | AK1: 0,8-1,1 | AL1: 1,1-1,2 | AM1: 1,2-1,3 | AN1: 1,3-1,5 | AO1: 1,5-1,8 | AP1: 1,8-2 | AQ1: 2-2,3 | AR1: 2,3-2,5 | AS1: 2,5-3 | AT1: 3-3,2 | AU1: 3,2-3,6 | AV1: 3,6-4 | AW1: 4--5 | AX1: 5-5,5 | AY1: 5,5-5,8 | AZ1: 5,8-6 | BA1: 6--7 | BB1: 7-7,5 | BC1: 7,5-8 | BD1: 8--10 | BE1: 10--12 | BF1: 12--15 | BG1: 15--20 | BH1: 20--25 | BI1: 25--40 | BJ1: 40--45 | BK1: 40--80
A2: 1 | B2: Москва | C2: Санкт-Петербург | D2: 246 | E2: 246 | F2: 246 | G2: 453 | H2: 453 | I2: 453 | J2: 510 | K2: 570 | L2: 700 | M2: 246 | N2: 14 | O2: 13.25 | P2: 13.148 | Q2: 13.0833 | R2: 13 | S2: 12.95 | T2: 12.54 | U2: 12.5186 | V2: 12.508 | W2: 12.5 | X2: 11.851 | Y2: 11.8333 | Z2: 11.816 | AA2: 11.1745 | AB2: 11.1652 | AC2: 11.0333 | AD2: 11.0198 | AE2: 11.0097 | AF2: 11.0051 | AH2: не собрано | AI2: не собрано | AJ2: не собрано | AK2: не собрано | AL2: не собрано | AM2: не собрано | AN2: не собрано | AO2: не собрано | AP2: не собрано | AQ2: не собрано | AR2: не собрано | AS2: не собрано | AT2: не собрано | AU2: не собрано | AV2: не собрано | AW2: не собрано | AX2: не собрано | AY2: не собрано | AZ2: не собрано | BA2: не собрано | BB2: не собрано | BC2: не собрано | BD2: не собрано | BE2: не собрано | BF2: не собрано | BG2: не собрано | BH2: не собрано | BI2: не собрано | BJ2: не собрано | BK2: не собрано
B5: D:L — отправка, ₽; M — минимум, ₽; N:AF — эффективная стоимость, ₽/кг.
B6: AH:BK — структура объёмных тарифов; эти данные приложением не собираются.

Sheet Направления
B1: № | C1: Из | D1: В | E1: ГП
B2: 1 | C2: Москва | D2: Санкт-Петербург | E2: Общий онлайн-сбор

Sheet ДЛ
A1: ДЛ | C1: Назначение | D1: 0-1кг | E1: 1-3кг | F1: 3-5кг | G1: 5-10кг | H1: 10-15кг | I1: 15-20кг | J1: 20-35кг | K1: 35-40кг | L1: 40-50кг | M1: МИН | N1: до 100 | O1: до 200 | P1: до 250 | Q1: до 300 | R1: до 400 | S1: до 500 | T1: до 600 | U1: до 700 | V1: до 750 | W1: до 800 | X1: до 1000 | Y1: до 1200 | Z1: до 1500 | AA1: до 2000 | AB1: до 2500 | AC1: до 3000 | AD1: до 5000 | AE1: до 10000 | AF1: до 20000 | AH1: 0,2-0,4 | AI1: 0,4-0,6 | AJ1: 0,6-0,8 | AK1: 0,8-1,1 | AL1: 1,1-1,2 | AM1: 1,2-1,3 | AN1: 1,3-1,5 | AO1: 1,5-1,8 | AP1: 1,8-2 | AQ1: 2-2,3 | AR1: 2,3-2,5 | AS1: 2,5-3 | AT1: 3-3,2 | AU1: 3,2-3,6 | AV1: 3,6-4 | AW1: 4--5 | AX1: 5-5,5 | AY1: 5,5-5,8 | AZ1: 5,8-6 | BA1: 6--7 | BB1: 7-7,5 | BC1: 7,5-8 | BD1: 8--10 | BE1: 10--12 | BF1: 12--15 | BG1: 15--20 | BH1: 20--25 | BI1: 25--40 | BJ1: 40--45 | BK1: 40--80
A2: 1 | B2: Москва | C2: Санкт-Петербург | D2: нет данных | E2: нет данных | F2: нет данных | G2: нет данных | H2: нет данных | I2: нет данных | J2: нет данных | K2: нет данных | L2: нет данных | M2: нет данных | N2: нет данных | O2: нет данных | P2: нет данных | Q2: нет данных | R2: нет данных | S2: нет данных | T2: нет данных | U2: нет данных | V2: нет данных | W2: нет данных | X2: нет данных | Y2: нет данных | Z2: нет данных | AA2: нет данных | AB2: нет данных | AC2: нет данных | AD2: нет данных | AE2: нет данных | AF2: нет данных | AH2: не собрано | AI2: не собрано | AJ2: не собрано | AK2: не собрано | AL2: не собрано | AM2: не собрано | AN2: не собрано | AO2: не собрано | AP2: не собрано | AQ2: не собрано | AR2: не собрано | AS2: не собрано | AT2: не собрано | AU2: не собрано | AV2: не собрано | AW2: не собрано | AX2: не собрано | AY2: не собрано | AZ2: не собрано | BA2: не собрано | BB2: не собрано | BC2: не собрано | BD2: не собрано | BE2: не собрано | BF2: не собрано | BG2: не собрано | BH2: не собрано | BI2: не собрано | BJ2: не собрано | BK2: не собрано
B5: D:L — отправка, ₽; M — минимум, ₽; N:AF — эффективная стоимость, ₽/кг.
B6: AH:BK — структура объёмных тарифов; эти данные приложением не собираются.

Sheet ПЭК
A1: ПЭК | C1: Назначение | D1: 0-1кг | E1: 1-3кг | F1: 3-5кг | G1: 5-10кг | H1: 10-15кг | I1: 15-20кг | J1: 20-35кг | K1: 35-40кг | L1: 40-50кг | M1: МИН | N1: до 100 | O1: до 200 | P1: до 250 | Q1: до 300 | R1: до 400 | S1: до 500 | T1: до 600 | U1: до 700 | V1: до 750 | W1: до 800 | X1: до 1000 | Y1: до 1200 | Z1: до 1500 | AA1: до 2000 | AB1: до 2500 | AC1: до 3000 | AD1: до 5000 | AE1: до 10000 | AF1: до 20000 | AH1: 0,2-0,4 | AI1: 0,4-0,6 | AJ1: 0,6-0,8 | AK1: 0,8-1,1 | AL1: 1,1-1,2 | AM1: 1,2-1,3 | AN1: 1,3-1,5 | AO1: 1,5-1,8 | AP1: 1,8-2 | AQ1: 2-2,3 | AR1: 2,3-2,5 | AS1: 2,5-3 | AT1: 3-3,2 | AU1: 3,2-3,6 | AV1: 3,6-4 | AW1: 4--5 | AX1: 5-5,5 | AY1: 5,5-5,8 | AZ1: 5,8-6 | BA1: 6--7 | BB1: 7-7,5 | BC1: 7,5-8 | BD1: 8--10 | BE1: 10--12 | BF1: 12--15 | BG1: 15--20 | BH1: 20--25 | BI1: 25--40 | BJ1: 40--45 | BK1: 40--80
A2: 1 | B2: Москва | C2: Санкт-Петербург | D2: нет данных | E2: нет данных | F2: нет данных | G2: нет данных | H2: нет данных | I2: нет данных | J2: нет данных | K2: нет данных | L2: нет данных | M2: нет данных | N2: нет данных | O2: нет данных | P2: нет данных | Q2: нет данных | R2: нет данных | S2: нет данных | T2: нет данных | U2: нет данных | V2: нет данных | W2: нет данных | X2: нет данных | Y2: нет данных | Z2: нет данных | AA2: нет данных | AB2: нет данных | AC2: нет данных | AD2: нет данных | AE2: нет данных | AF2: нет данных | AH2: не собрано | AI2: не собрано | AJ2: не собрано | AK2: не собрано | AL2: не собрано | AM2: не собрано | AN2: не собрано | AO2: не собрано | AP2: не собрано | AQ2: не собрано | AR2: не собрано | AS2: не собрано | AT2: не собрано | AU2: не собрано | AV2: не собрано | AW2: не собрано | AX2: не собрано | AY2: не собрано | AZ2: не собрано | BA2: не собрано | BB2: не собрано | BC2: не собрано | BD2: не собрано | BE2: не собрано | BF2: не собрано | BG2: не собрано | BH2: не собрано | BI2: не собрано | BJ2: не собрано | BK2: не собрано
B5: D:L — отправка, ₽; M — минимум, ₽; N:AF — эффективная стоимость, ₽/кг.
B6: AH:BK — структура объёмных тарифов; эти данные приложением не собираются.

Sheet КИТ
A1: КИТ | C1: Назначение | D1: 0-1кг | E1: 1-3кг | F1: 3-5кг | G1: 5-10кг | H1: 10-15кг | I1: 15-20кг | J1: 20-35кг | K1: 35-40кг | L1: 40-50кг | M1: МИН | N1: до 100 | O1: до 200 | P1: до 250 | Q1: до 300 | R1: до 400 | S1: до 500 | T1: до 600 | U1: до 700 | V1: до 750 | W1: до 800 | X1: до 1000 | Y1: до 1200 | Z1: до 1500 | AA1: до 2000 | AB1: до 2500 | AC1: до 3000 | AD1: до 5000 | AE1: до 10000 | AF1: до 20000 | AH1: 0,2-0,4 | AI1: 0,4-0,6 | AJ1: 0,6-0,8 | AK1: 0,8-1,1 | AL1: 1,1-1,2 | AM1: 1,2-1,3 | AN1: 1,3-1,5 | AO1: 1,5-1,8 | AP1: 1,8-2 | AQ1: 2-2,3 | AR1: 2,3-2,5 | AS1: 2,5-3 | AT1: 3-3,2 | AU1: 3,2-3,6 | AV1: 3,6-4 | AW1: 4--5 | AX1: 5-5,5 | AY1: 5,5-5,8 | AZ1: 5,8-6 | BA1: 6--7 | BB1: 7-7,5 | BC1: 7,5-8 | BD1: 8--10 | BE1: 10--12 | BF1: 12--15 | BG1: 15--20 | BH1: 20--25 | BI1: 25--40 | BJ1: 40--45 | BK1: 40--80
A2: 1 | B2: Москва | C2: Санкт-Петербург | D2: 680 | E2: 800 | F2: 800 | G2: 920 | H2: 920 | I2: 1000 | J2: 1000 | K2: 732 | L2: 915 | M2: 680 | N2: 18.2 | O2: 18 | P2: 17.7 | Q2: 17.7 | R2: 17.7 | S2: 17.5 | T2: 17.5 | U2: 17.5 | V2: 17.5 | W2: 17.5 | X2: 17.1 | Y2: 17.1 | Z2: 16.8 | AA2: 16.7 | AB2: 16.7 | AC2: 16.7 | AD2: 16.7 | AE2: 16.7 | AF2: 16.7 | AH2: не собрано | AI2: не собрано | AJ2: не собрано | AK2: не собрано | AL2: не собрано | AM2: не собрано | AN2: не собрано | AO2: не собрано | AP2: не собрано | AQ2: не собрано | AR2: не собрано | AS2: не собрано | AT2: не собрано | AU2: не собрано | AV2: не собрано | AW2: не собрано | AX2: не собрано | AY2: не собрано | AZ2: не собрано | BA2: не собрано | BB2: не собрано | BC2: не собрано | BD2: не собрано | BE2: не собрано | BF2: не собрано | BG2: не собрано | BH2: не собрано | BI2: не собрано | BJ2: не собрано | BK2: не собрано
B5: D:L — отправка, ₽; M — минимум, ₽; N:AF — эффективная стоимость, ₽/кг.
B6: AH:BK — структура объёмных тарифов; эти данные приложением не собираются.

Sheet Возовоз
A1: Возовоз | C1: Назначение | D1: 0-1кг | E1: 1-3кг | F1: 3-5кг | G1: 5-10кг | H1: 10-15кг | I1: 15-20кг | J1: 20-35кг | K1: 35-40кг | L1: 40-50кг | M1: МИН | N1: до 100 | O1: до 200 | P1: до 250 | Q1: до 300 | R1: до 400 | S1: до 500 | T1: до 600 | U1: до 700 | V1: до 750 | W1: до 800 | X1: до 1000 | Y1: до 1200 | Z1: до 1500 | AA1: до 2000 | AB1: до 2500 | AC1: до 3000 | AD1: до 5000 | AE1: до 10000 | AF1: до 20000 | AH1: 0,2-0,4 | AI1: 0,4-0,6 | AJ1: 0,6-0,8 | AK1: 0,8-1,1 | AL1: 1,1-1,2 | AM1: 1,2-1,3 | AN1: 1,3-1,5 | AO1: 1,5-1,8 | AP1: 1,8-2 | AQ1: 2-2,3 | AR1: 2,3-2,5 | AS1: 2,5-3 | AT1: 3-3,2 | AU1: 3,2-3,6 | AV1: 3,6-4 | AW1: 4--5 | AX1: 5-5,5 | AY1: 5,5-5,8 | AZ1: 5,8-6 | BA1: 6--7 | BB1: 7-7,5 | BC1: 7,5-8 | BD1: 8--10 | BE1: 10--12 | BF1: 12--15 | BG1: 15--20 | BH1: 20--25 | BI1: 25--40 | BJ1: 40--45 | BK1: 40--80
A2: 1 | B2: Москва | C2: Санкт-Петербург | D2: нет данных | E2: нет данных | F2: нет данных | G2: нет данных | H2: нет данных | I2: нет данных | J2: нет данных | K2: нет данных | L2: нет данных | M2: 1980 | N2: нет данных | O2: нет данных | P2: нет данных | Q2: нет данных | R2: нет данных | S2: нет данных | T2: нет данных | U2: нет данных | V2: нет данных | W2: нет данных | X2: нет данных | Y2: нет данных | Z2: нет данных | AA2: нет данных | AB2: нет данных | AC2: нет данных | AD2: нет данных | AE2: нет данных | AF2: нет данных | AH2: не собрано | AI2: не собрано | AJ2: не собрано | AK2: не собрано | AL2: не собрано | AM2: не собрано | AN2: не собрано | AO2: не собрано | AP2: не собрано | AQ2: не собрано | AR2: не собрано | AS2: не собрано | AT2: не собрано | AU2: не собрано | AV2: не собрано | AW2: не собрано | AX2: не собрано | AY2: не собрано | AZ2: не собрано | BA2: не собрано | BB2: не собрано | BC2: не собрано | BD2: не собрано | BE2: не собрано | BF2: не собрано | BG2: не собрано | BH2: не собрано | BI2: не собрано | BJ2: не собрано | BK2: не собрано
B5: D:L — отправка, ₽; M — минимум, ₽; N:AF — эффективная стоимость, ₽/кг.
B6: AH:BK — структура объёмных тарифов; эти данные приложением не собираются.

Sheet Мейджик
A1: Мейджик | C1: Назначение | D1: 0-1кг | E1: 1-3кг | F1: 3-5кг | G1: 5-10кг | H1: 10-15кг | I1: 15-20кг | J1: 20-35кг | K1: 35-40кг | L1: 40-50кг | M1: МИН | N1: до 100 | O1: до 200 | P1: до 250 | Q1: до 300 | R1: до 400 | S1: до 500 | T1: до 600 | U1: до 700 | V1: до 750 | W1: до 800 | X1: до 1000 | Y1: до 1200 | Z1: до 1500 | AA1: до 2000 | AB1: до 2500 | AC1: до 3000 | AD1: до 5000 | AE1: до 10000 | AF1: до 20000 | AH1: 0,2-0,4 | AI1: 0,4-0,6 | AJ1: 0,6-0,8 | AK1: 0,8-1,1 | AL1: 1,1-1,2 | AM1: 1,2-1,3 | AN1: 1,3-1,5 | AO1: 1,5-1,8 | AP1: 1,8-2 | AQ1: 2-2,3 | AR1: 2,3-2,5 | AS1: 2,5-3 | AT1: 3-3,2 | AU1: 3,2-3,6 | AV1: 3,6-4 | AW1: 4--5 | AX1: 5-5,5 | AY1: 5,5-5,8 | AZ1: 5,8-6 | BA1: 6--7 | BB1: 7-7,5 | BC1: 7,5-8 | BD1: 8--10 | BE1: 10--12 | BF1: 12--15 | BG1: 15--20 | BH1: 20--25 | BI1: 25--40 | BJ1: 40--45 | BK1: 40--80
A2: 1 | B2: Москва | C2: Санкт-Петербург | D2: 500 | E2: 600 | F2: 600 | G2: 700 | H2: 700 | I2: 700 | J2: 700 | K2: 700 | L2: 745 | M2: 500 | N2: 14.9 | O2: 14.9 | P2: 14.9 | Q2: 14.2 | R2: 14.2 | S2: 14.2 | T2: 14.2 | U2: 14.2 | V2: 14.2 | W2: 14 | X2: 14 | Y2: 14 | Z2: 13.6 | AA2: 13.6 | AB2: 13.6 | AC2: 13.2 | AD2: 13.2 | AE2: 13 | AF2: 12.5 | AH2: не собрано | AI2: не собрано | AJ2: не собрано | AK2: не собрано | AL2: не собрано | AM2: не собрано | AN2: не собрано | AO2: не собрано | AP2: не собрано | AQ2: не собрано | AR2: не собрано | AS2: не собрано | AT2: не собрано | AU2: не собрано | AV2: не собрано | AW2: не собрано | AX2: не собрано | AY2: не собрано | AZ2: не собрано | BA2: не собрано | BB2: не собрано | BC2: не собрано | BD2: не собрано | BE2: не собрано | BF2: не собрано | BG2: не собрано | BH2: не собрано | BI2: не собрано | BJ2: не собрано | BK2: не собрано
B5: D:L — отправка, ₽; M — минимум, ₽; N:AF — эффективная стоимость, ₽/кг.
B6: AH:BK — структура объёмных тарифов; эти данные приложением не собираются.

Sheet Главтрасса
A1: Главтрасса | C1: Назначение | D1: 0-1кг | E1: 1-3кг | F1: 3-5кг | G1: 5-10кг | H1: 10-15кг | I1: 15-20кг | J1: 20-35кг | K1: 35-40кг | L1: 40-50кг | M1: МИН | N1: до 100 | O1: до 200 | P1: до 250 | Q1: до 300 | R1: до 400 | S1: до 500 | T1: до 600 | U1: до 700 | V1: до 750 | W1: до 800 | X1: до 1000 | Y1: до 1200 | Z1: до 1500 | AA1: до 2000 | AB1: до 2500 | AC1: до 3000 | AD1: до 5000 | AE1: до 10000 | AF1: до 20000 | AH1: 0,2-0,4 | AI1: 0,4-0,6 | AJ1: 0,6-0,8 | AK1: 0,8-1,1 | AL1: 1,1-1,2 | AM1: 1,2-1,3 | AN1: 1,3-1,5 | AO1: 1,5-1,8 | AP1: 1,8-2 | AQ1: 2-2,3 | AR1: 2,3-2,5 | AS1: 2,5-3 | AT1: 3-3,2 | AU1: 3,2-3,6 | AV1: 3,6-4 | AW1: 4--5 | AX1: 5-5,5 | AY1: 5,5-5,8 | AZ1: 5,8-6 | BA1: 6--7 | BB1: 7-7,5 | BC1: 7,5-8 | BD1: 8--10 | BE1: 10--12 | BF1: 12--15 | BG1: 15--20 | BH1: 20--25 | BI1: 25--40 | BJ1: 40--45 | BK1: 40--80
A2: 1 | B2: Москва | C2: Санкт-Петербург | D2: 390 | E2: 390 | F2: 390 | G2: 400 | H2: 400 | I2: 400 | J2: 456 | K2: 550 | L2: 688 | M2: 390 | N2: 13.75 | O2: 13.25 | P2: 13.248 | Q2: 13.25 | R2: 13.25 | S2: 13.25 | T2: 12.9983 | U2: 13 | V2: 13 | W2: 13 | X2: 15.626 | Y2: 15.6242 | Z2: 15.624 | AA2: 14.9995 | AB2: 15 | AC2: 14.3747 | AD2: 14.3748 | AE2: 14.3746 | AF2: 14.3751 | AH2: не собрано | AI2: не собрано | AJ2: не собрано | AK2: не собрано | AL2: не собрано | AM2: не собрано | AN2: не собрано | AO2: не собрано | AP2: не собрано | AQ2: не собрано | AR2: не собрано | AS2: не собрано | AT2: не собрано | AU2: не собрано | AV2: не собрано | AW2: не собрано | AX2: не собрано | AY2: не собрано | AZ2: не собрано | BA2: не собрано | BB2: не собрано | BC2: не собрано | BD2: не собрано | BE2: не собрано | BF2: не собрано | BG2: не собрано | BH2: не собрано | BI2: не собрано | BJ2: не собрано | BK2: не собрано
B5: D:L — отправка, ₽; M — минимум, ₽; N:AF — эффективная стоимость, ₽/кг.
B6: AH:BK — структура объёмных тарифов; эти данные приложением не собираются.

Sheet Пролайн
A1: Пролайн | C1: Назначение | D1: 0-1кг | E1: 1-3кг | F1: 3-5кг | G1: 5-10кг | H1: 10-15кг | I1: 15-20кг | J1: 20-35кг | K1: 35-40кг | L1: 40-50кг | M1: МИН | N1: до 100 | O1: до 200 | P1: до 250 | Q1: до 300 | R1: до 400 | S1: до 500 | T1: до 600 | U1: до 700 | V1: до 750 | W1: до 800 | X1: до 1000 | Y1: до 1200 | Z1: до 1500 | AA1: до 2000 | AB1: до 2500 | AC1: до 3000 | AD1: до 5000 | AE1: до 10000 | AF1: до 20000 | AH1: 0,2-0,4 | AI1: 0,4-0,6 | AJ1: 0,6-0,8 | AK1: 0,8-1,1 | AL1: 1,1-1,2 | AM1: 1,2-1,3 | AN1: 1,3-1,5 | AO1: 1,5-1,8 | AP1: 1,8-2 | AQ1: 2-2,3 | AR1: 2,3-2,5 | AS1: 2,5-3 | AT1: 3-3,2 | AU1: 3,2-3,6 | AV1: 3,6-4 | AW1: 4--5 | AX1: 5-5,5 | AY1: 5,5-5,8 | AZ1: 5,8-6 | BA1: 6--7 | BB1: 7-7,5 | BC1: 7,5-8 | BD1: 8--10 | BE1: 10--12 | BF1: 12--15 | BG1: 15--20 | BH1: 20--25 | BI1: 25--40 | BJ1: 40--45 | BK1: 40--80
A2: 1 | B2: Москва | C2: Санкт-Петербург | D2: 550 | E2: 550 | F2: 550 | G2: 550 | H2: 550 | I2: 550 | J2: 550 | K2: 560 | L2: 700 | M2: 550 | N2: 14 | O2: 13.9 | P2: 13.9 | Q2: 13.9 | R2: 13.7 | S2: 13.7 | T2: 13.6 | U2: 13.6 | V2: 13.4 | W2: 13.4 | X2: 13.4 | Y2: 13.2 | Z2: 13.2 | AA2: 13 | AB2: 12.1 | AC2: 12.1 | AD2: 12 | AE2: 12 | AF2: 12 | AH2: не собрано | AI2: не собрано | AJ2: не собрано | AK2: не собрано | AL2: не собрано | AM2: не собрано | AN2: не собрано | AO2: не собрано | AP2: не собрано | AQ2: не собрано | AR2: не собрано | AS2: не собрано | AT2: не собрано | AU2: не собрано | AV2: не собрано | AW2: не собрано | AX2: не собрано | AY2: не собрано | AZ2: не собрано | BA2: не собрано | BB2: не собрано | BC2: не собрано | BD2: не собрано | BE2: не собрано | BF2: не собрано | BG2: не собрано | BH2: не собрано | BI2: не собрано | BJ2: не собрано | BK2: не собрано
B5: D:L — отправка, ₽; M — минимум, ₽; N:AF — эффективная стоимость, ₽/кг.
B6: AH:BK — структура объёмных тарифов; эти данные приложением не собираются.

Sheet Фортуна
A1: Фортуна | C1: Назначение | D1: 0-1кг | E1: 1-3кг | F1: 3-5кг | G1: 5-10кг | H1: 10-15кг | I1: 15-20кг | J1: 20-35кг | K1: 35-40кг | L1: 40-50кг | M1: МИН | N1: до 100 | O1: до 200 | P1: до 250 | Q1: до 300 | R1: до 400 | S1: до 500 | T1: до 600 | U1: до 700 | V1: до 750 | W1: до 800 | X1: до 1000 | Y1: до 1200 | Z1: до 1500 | AA1: до 2000 | AB1: до 2500 | AC1: до 3000 | AD1: до 5000 | AE1: до 10000 | AF1: до 20000 | AH1: 0,2-0,4 | AI1: 0,4-0,6 | AJ1: 0,6-0,8 | AK1: 0,8-1,1 | AL1: 1,1-1,2 | AM1: 1,2-1,3 | AN1: 1,3-1,5 | AO1: 1,5-1,8 | AP1: 1,8-2 | AQ1: 2-2,3 | AR1: 2,3-2,5 | AS1: 2,5-3 | AT1: 3-3,2 | AU1: 3,2-3,6 | AV1: 3,6-4 | AW1: 4--5 | AX1: 5-5,5 | AY1: 5,5-5,8 | AZ1: 5,8-6 | BA1: 6--7 | BB1: 7-7,5 | BC1: 7,5-8 | BD1: 8--10 | BE1: 10--12 | BF1: 12--15 | BG1: 15--20 | BH1: 20--25 | BI1: 25--40 | BJ1: 40--45 | BK1: 40--80
A2: 1 | B2: Москва | C2: Санкт-Петербург | D2: 580 | E2: 580 | F2: 580 | G2: 580 | H2: 580 | I2: 710 | J2: 710 | K2: 710 | L2: 710 | M2: 580 | N2: 13.9 | O2: 13.4 | P2: 13.4 | Q2: 13.4 | R2: 13.4 | S2: 13.2 | T2: 13.2 | U2: 13.2 | V2: 13.2 | W2: 13.2 | X2: 13.1 | Y2: 13.1 | Z2: 13 | AA2: 12.4 | AB2: 12.4 | AC2: 12.1 | AD2: 12.1 | AE2: 12.1 | AF2: 12.1 | AH2: не собрано | AI2: не собрано | AJ2: не собрано | AK2: не собрано | AL2: не собрано | AM2: не собрано | AN2: не собрано | AO2: не собрано | AP2: не собрано | AQ2: не собрано | AR2: не собрано | AS2: не собрано | AT2: не собрано | AU2: не собрано | AV2: не собрано | AW2: не собрано | AX2: не собрано | AY2: не собрано | AZ2: не собрано | BA2: не собрано | BB2: не собрано | BC2: не собрано | BD2: не собрано | BE2: не собрано | BF2: не собрано | BG2: не собрано | BH2: не собрано | BI2: не собрано | BJ2: не собрано | BK2: не собрано
B5: D:L — отправка, ₽; M — минимум, ₽; N:AF — эффективная стоимость, ₽/кг.
B6: AH:BK — структура объёмных тарифов; эти данные приложением не собираются.

Sheet Грузопоток
A1: Грузопоток | C1: Назначение | D1: 0-1кг | E1: 1-3кг | F1: 3-5кг | G1: 5-10кг | H1: 10-15кг | I1: 15-20кг | J1: 20-35кг | K1: 35-40кг | L1: 40-50кг | M1: МИН | N1: до 100 | O1: до 200 | P1: до 250 | Q1: до 300 | R1: до 400 | S1: до 500 | T1: до 600 | U1: до 700 | V1: до 750 | W1: до 800 | X1: до 1000 | Y1: до 1200 | Z1: до 1500 | AA1: до 2000 | AB1: до 2500 | AC1: до 3000 | AD1: до 5000 | AE1: до 10000 | AF1: до 20000 | AH1: 0,2-0,4 | AI1: 0,4-0,6 | AJ1: 0,6-0,8 | AK1: 0,8-1,1 | AL1: 1,1-1,2 | AM1: 1,2-1,3 | AN1: 1,3-1,5 | AO1: 1,5-1,8 | AP1: 1,8-2 | AQ1: 2-2,3 | AR1: 2,3-2,5 | AS1: 2,5-3 | AT1: 3-3,2 | AU1: 3,2-3,6 | AV1: 3,6-4 | AW1: 4--5 | AX1: 5-5,5 | AY1: 5,5-5,8 | AZ1: 5,8-6 | BA1: 6--7 | BB1: 7-7,5 | BC1: 7,5-8 | BD1: 8--10 | BE1: 10--12 | BF1: 12--15 | BG1: 15--20 | BH1: 20--25 | BI1: 25--40 | BJ1: 40--45 | BK1: 40--80
A2: 1 | B2: Москва | C2: Санкт-Петербург | D2: нет данных | E2: нет данных | F2: нет данных | G2: нет данных | H2: нет данных | I2: нет данных | J2: нет данных | K2: нет данных | L2: нет данных | M2: нет данных | N2: нет данных | O2: нет данных | P2: нет данных | Q2: нет данных | R2: нет данных | S2: нет данных | T2: нет данных | U2: нет данных | V2: нет данных | W2: нет данных | X2: нет данных | Y2: нет данных | Z2: нет данных | AA2: нет данных | AB2: нет данных | AC2: нет данных | AD2: нет данных | AE2: нет данных | AF2: нет данных | AH2: не собрано | AI2: не собрано | AJ2: не собрано | AK2: не собрано | AL2: не собрано | AM2: не собрано | AN2: не собрано | AO2: не собрано | AP2: не собрано | AQ2: не собрано | AR2: не собрано | AS2: не собрано | AT2: не собрано | AU2: не собрано | AV2: не собрано | AW2: не собрано | AX2: не собрано | AY2: не собрано | AZ2: не собрано | BA2: не собрано | BB2: не собрано | BC2: не собрано | BD2: не собрано | BE2: не собрано | BF2: не собрано | BG2: не собрано | BH2: не собрано | BI2: не собрано | BJ2: не собрано | BK2: не собрано
B5: D:L — отправка, ₽; M — минимум, ₽; N:AF — эффективная стоимость, ₽/кг.
B6: AH:BK — структура объёмных тарифов; эти данные приложением не собираются.

Sheet ФастТранс
A1: ФастТранс | C1: Назначение | D1: 0-1кг | E1: 1-3кг | F1: 3-5кг | G1: 5-10кг | H1: 10-15кг | I1: 15-20кг | J1: 20-35кг | K1: 35-40кг | L1: 40-50кг | M1: МИН | N1: до 100 | O1: до 200 | P1: до 250 | Q1: до 300 | R1: до 400 | S1: до 500 | T1: до 600 | U1: до 700 | V1: до 750 | W1: до 800 | X1: до 1000 | Y1: до 1200 | Z1: до 1500 | AA1: до 2000 | AB1: до 2500 | AC1: до 3000 | AD1: до 5000 | AE1: до 10000 | AF1: до 20000 | AH1: 0,2-0,4 | AI1: 0,4-0,6 | AJ1: 0,6-0,8 | AK1: 0,8-1,1 | AL1: 1,1-1,2 | AM1: 1,2-1,3 | AN1: 1,3-1,5 | AO1: 1,5-1,8 | AP1: 1,8-2 | AQ1: 2-2,3 | AR1: 2,3-2,5 | AS1: 2,5-3 | AT1: 3-3,2 | AU1: 3,2-3,6 | AV1: 3,6-4 | AW1: 4--5 | AX1: 5-5,5 | AY1: 5,5-5,8 | AZ1: 5,8-6 | BA1: 6--7 | BB1: 7-7,5 | BC1: 7,5-8 | BD1: 8--10 | BE1: 10--12 | BF1: 12--15 | BG1: 15--20 | BH1: 20--25 | BI1: 25--40 | BJ1: 40--45 | BK1: 40--80
A2: 1 | B2: Москва | C2: Санкт-Петербург | D2: 720 | E2: 720 | F2: 720 | G2: 750 | H2: 750 | I2: 750 | J2: 850 | K2: 850 | L2: 740 | M2: 720 | N2: 14.7 | O2: 14.6 | P2: 14.5 | Q2: 14.5 | R2: 14.1 | S2: 14.1 | T2: 14 | U2: 14 | V2: 13.9 | W2: 13.9 | X2: 13.9 | Y2: 13.8 | Z2: 13.8 | AA2: 13.5 | AB2: 13.4 | AC2: 13.4 | AD2: 13 | AE2: 12.8 | AF2: 12.8 | AH2: не собрано | AI2: не собрано | AJ2: не собрано | AK2: не собрано | AL2: не собрано | AM2: не собрано | AN2: не собрано | AO2: не собрано | AP2: не собрано | AQ2: не собрано | AR2: не собрано | AS2: не собрано | AT2: не собрано | AU2: не собрано | AV2: не собрано | AW2: не собрано | AX2: не собрано | AY2: не собрано | AZ2: не собрано | BA2: не собрано | BB2: не собрано | BC2: не собрано | BD2: не собрано | BE2: не собрано | BF2: не собрано | BG2: не собрано | BH2: не собрано | BI2: не собрано | BJ2: не собрано | BK2: не собрано
B5: D:L — отправка, ₽; M — минимум, ₽; N:AF — эффективная стоимость, ₽/кг.
B6: AH:BK — структура объёмных тарифов; эти данные приложением не собираются.

Sheet РейлКонтинент
A1: РейлКонтинент | C1: Назначение | D1: 0-1кг | E1: 1-3кг | F1: 3-5кг | G1: 5-10кг | H1: 10-15кг | I1: 15-20кг | J1: 20-35кг | K1: 35-40кг | L1: 40-50кг | M1: МИН | N1: до 100 | O1: до 200 | P1: до 250 | Q1: до 300 | R1: до 400 | S1: до 500 | T1: до 600 | U1: до 700 | V1: до 750 | W1: до 800 | X1: до 1000 | Y1: до 1200 | Z1: до 1500 | AA1: до 2000 | AB1: до 2500 | AC1: до 3000 | AD1: до 5000 | AE1: до 10000 | AF1: до 20000 | AH1: 0,2-0,4 | AI1: 0,4-0,6 | AJ1: 0,6-0,8 | AK1: 0,8-1,1 | AL1: 1,1-1,2 | AM1: 1,2-1,3 | AN1: 1,3-1,5 | AO1: 1,5-1,8 | AP1: 1,8-2 | AQ1: 2-2,3 | AR1: 2,3-2,5 | AS1: 2,5-3 | AT1: 3-3,2 | AU1: 3,2-3,6 | AV1: 3,6-4 | AW1: 4--5 | AX1: 5-5,5 | AY1: 5,5-5,8 | AZ1: 5,8-6 | BA1: 6--7 | BB1: 7-7,5 | BC1: 7,5-8 | BD1: 8--10 | BE1: 10--12 | BF1: 12--15 | BG1: 15--20 | BH1: 20--25 | BI1: 25--40 | BJ1: 40--45 | BK1: 40--80
A2: 1 | B2: Москва | C2: Санкт-Петербург | D2: 990 | E2: 990 | F2: 990 | G2: 990 | H2: 990 | I2: 990 | J2: 990 | K2: 990 | L2: 990 | M2: 990 | N2: 18.3 | O2: 18.3 | P2: 18.3 | Q2: 17.9 | R2: 17.9 | S2: 17.5 | T2: 17.5 | U2: 17.5 | V2: 17.5 | W2: 17.5 | X2: 17.1 | Y2: 17.1 | Z2: 17.1 | AA2: 16.7 | AB2: 16.7 | AC2: 16.5 | AD2: 16.3 | AE2: 15.9 | AF2: 15.5 | AH2: не собрано | AI2: не собрано | AJ2: не собрано | AK2: не собрано | AL2: не собрано | AM2: не собрано | AN2: не собрано | AO2: не собрано | AP2: не собрано | AQ2: не собрано | AR2: не собрано | AS2: не собрано | AT2: не собрано | AU2: не собрано | AV2: не собрано | AW2: не собрано | AX2: не собрано | AY2: не собрано | AZ2: не собрано | BA2: не собрано | BB2: не собрано | BC2: не собрано | BD2: не собрано | BE2: не собрано | BF2: не собрано | BG2: не собрано | BH2: не собрано | BI2: не собрано | BJ2: не собрано | BK2: не собрано
B5: D:L — отправка, ₽; M — минимум, ₽; N:AF — эффективная стоимость, ₽/кг.
B6: AH:BK — структура объёмных тарифов; эти данные приложением не собираются.

Sheet АТЭК
A1: АТЭК | C1: Назначение | D1: 0-1кг | E1: 1-3кг | F1: 3-5кг | G1: 5-10кг | H1: 10-15кг | I1: 15-20кг | J1: 20-35кг | K1: 35-40кг | L1: 40-50кг | M1: МИН | N1: до 100 | O1: до 200 | P1: до 250 | Q1: до 300 | R1: до 400 | S1: до 500 | T1: до 600 | U1: до 700 | V1: до 750 | W1: до 800 | X1: до 1000 | Y1: до 1200 | Z1: до 1500 | AA1: до 2000 | AB1: до 2500 | AC1: до 3000 | AD1: до 5000 | AE1: до 10000 | AF1: до 20000 | AH1: 0,2-0,4 | AI1: 0,4-0,6 | AJ1: 0,6-0,8 | AK1: 0,8-1,1 | AL1: 1,1-1,2 | AM1: 1,2-1,3 | AN1: 1,3-1,5 | AO1: 1,5-1,8 | AP1: 1,8-2 | AQ1: 2-2,3 | AR1: 2,3-2,5 | AS1: 2,5-3 | AT1: 3-3,2 | AU1: 3,2-3,6 | AV1: 3,6-4 | AW1: 4--5 | AX1: 5-5,5 | AY1: 5,5-5,8 | AZ1: 5,8-6 | BA1: 6--7 | BB1: 7-7,5 | BC1: 7,5-8 | BD1: 8--10 | BE1: 10--12 | BF1: 12--15 | BG1: 15--20 | BH1: 20--25 | BI1: 25--40 | BJ1: 40--45 | BK1: 40--80
A2: 1 | B2: Москва | C2: Санкт-Петербург | D2: 490 | E2: 490 | F2: 490 | G2: 490 | H2: 490 | I2: 490 | J2: 675 | K2: 675 | L2: 675 | M2: 490 | N2: 13.5 | O2: 13.5 | P2: 13.5 | Q2: 13.1 | R2: 13.1 | S2: 13.1 | T2: 13.1 | U2: 13.1 | V2: 13.1 | W2: 13.1 | X2: 13.1 | Y2: 11.5 | Z2: 11.5 | AA2: 11.5 | AB2: 11.5 | AC2: 11.5 | AD2: 10.8 | AE2: 10.8 | AF2: 10.8 | AH2: не собрано | AI2: не собрано | AJ2: не собрано | AK2: не собрано | AL2: не собрано | AM2: не собрано | AN2: не собрано | AO2: не собрано | AP2: не собрано | AQ2: не собрано | AR2: не собрано | AS2: не собрано | AT2: не собрано | AU2: не собрано | AV2: не собрано | AW2: не собрано | AX2: не собрано | AY2: не собрано | AZ2: не собрано | BA2: не собрано | BB2: не собрано | BC2: не собрано | BD2: не собрано | BE2: не собрано | BF2: не собрано | BG2: не собрано | BH2: не собрано | BI2: не собрано | BJ2: не собрано | BK2: не собрано
B5: D:L — отправка, ₽; M — минимум, ₽; N:AF — эффективная стоимость, ₽/кг.
B6: AH:BK — структура объёмных тарифов; эти данные приложением не собираются.

Sheet НоваяЛиния
A1: НоваяЛиния | C1: Назначение | D1: 0-1кг | E1: 1-3кг | F1: 3-5кг | G1: 5-10кг | H1: 10-15кг | I1: 15-20кг | J1: 20-35кг | K1: 35-40кг | L1: 40-50кг | M1: МИН | N1: до 100 | O1: до 200 | P1: до 250 | Q1: до 300 | R1: до 400 | S1: до 500 | T1: до 600 | U1: до 700 | V1: до 750 | W1: до 800 | X1: до 1000 | Y1: до 1200 | Z1: до 1500 | AA1: до 2000 | AB1: до 2500 | AC1: до 3000 | AD1: до 5000 | AE1: до 10000 | AF1: до 20000 | AH1: 0,2-0,4 | AI1: 0,4-0,6 | AJ1: 0,6-0,8 | AK1: 0,8-1,1 | AL1: 1,1-1,2 | AM1: 1,2-1,3 | AN1: 1,3-1,5 | AO1: 1,5-1,8 | AP1: 1,8-2 | AQ1: 2-2,3 | AR1: 2,3-2,5 | AS1: 2,5-3 | AT1: 3-3,2 | AU1: 3,2-3,6 | AV1: 3,6-4 | AW1: 4--5 | AX1: 5-5,5 | AY1: 5,5-5,8 | AZ1: 5,8-6 | BA1: 6--7 | BB1: 7-7,5 | BC1: 7,5-8 | BD1: 8--10 | BE1: 10--12 | BF1: 12--15 | BG1: 15--20 | BH1: 20--25 | BI1: 25--40 | BJ1: 40--45 | BK1: 40--80
A2: 1 | B2: Москва | C2: Санкт-Петербург | D2: 600 | E2: 600 | F2: 600 | G2: 600 | H2: 600 | I2: 600 | J2: 600 | K2: 600 | L2: 705 | M2: 600 | N2: 14.1 | O2: 14.1 | P2: 14.1 | Q2: 13.5 | R2: 13.5 | S2: 13.5 | T2: 13.5 | U2: 13.5 | V2: 13.5 | W2: 13.3 | X2: 13.3 | Y2: 13.3 | Z2: 12.9 | AA2: 12.9 | AB2: 12.9 | AC2: 12.6 | AD2: 12.6 | AE2: по запросу | AF2: по запросу | AH2: не собрано | AI2: не собрано | AJ2: не собрано | AK2: не собрано | AL2: не собрано | AM2: не собрано | AN2: не собрано | AO2: не собрано | AP2: не собрано | AQ2: не собрано | AR2: не собрано | AS2: не собрано | AT2: не собрано | AU2: не собрано | AV2: не собрано | AW2: не собрано | AX2: не собрано | AY2: не собрано | AZ2: не собрано | BA2: не собрано | BB2: не собрано | BC2: не собрано | BD2: не собрано | BE2: не собрано | BF2: не собрано | BG2: не собрано | BH2: не собрано | BI2: не собрано | BJ2: не собрано | BK2: не собрано
B5: D:L — отправка, ₽; M — минимум, ₽; N:AF — эффективная стоимость, ₽/кг.
B6: AH:BK — структура объёмных тарифов; эти данные приложением не собираются.

Sheet БСК
A1: БСК | C1: Назначение | D1: 0-1кг | E1: 1-3кг | F1: 3-5кг | G1: 5-10кг | H1: 10-15кг | I1: 15-20кг | J1: 20-35кг | K1: 35-40кг | L1: 40-50кг | M1: МИН | N1: до 100 | O1: до 200 | P1: до 250 | Q1: до 300 | R1: до 400 | S1: до 500 | T1: до 600 | U1: до 700 | V1: до 750 | W1: до 800 | X1: до 1000 | Y1: до 1200 | Z1: до 1500 | AA1: до 2000 | AB1: до 2500 | AC1: до 3000 | AD1: до 5000 | AE1: до 10000 | AF1: до 20000 | AH1: 0,2-0,4 | AI1: 0,4-0,6 | AJ1: 0,6-0,8 | AK1: 0,8-1,1 | AL1: 1,1-1,2 | AM1: 1,2-1,3 | AN1: 1,3-1,5 | AO1: 1,5-1,8 | AP1: 1,8-2 | AQ1: 2-2,3 | AR1: 2,3-2,5 | AS1: 2,5-3 | AT1: 3-3,2 | AU1: 3,2-3,6 | AV1: 3,6-4 | AW1: 4--5 | AX1: 5-5,5 | AY1: 5,5-5,8 | AZ1: 5,8-6 | BA1: 6--7 | BB1: 7-7,5 | BC1: 7,5-8 | BD1: 8--10 | BE1: 10--12 | BF1: 12--15 | BG1: 15--20 | BH1: 20--25 | BI1: 25--40 | BJ1: 40--45 | BK1: 40--80
A2: 1 | B2: Москва | C2: Санкт-Петербург | D2: 450 | E2: 450 | F2: 450 | G2: 450 | H2: 450 | I2: 450 | J2: 450 | K2: 480 | L2: 600 | M2: 450 | N2: 12 | O2: 12 | P2: 12 | Q2: 12 | R2: 12 | S2: 12 | T2: 11.5 | U2: 11.5 | V2: 11.5 | W2: 11.5 | X2: 11.5 | Y2: 11 | Z2: 11 | AA2: 10.5 | AB2: 10.5 | AC2: 10.5 | AD2: 10 | AE2: 10 | AF2: 10 | AH2: не собрано | AI2: не собрано | AJ2: не собрано | AK2: не собрано | AL2: не собрано | AM2: не собрано | AN2: не собрано | AO2: не собрано | AP2: не собрано | AQ2: не собрано | AR2: не собрано | AS2: не собрано | AT2: не собрано | AU2: не собрано | AV2: не собрано | AW2: не собрано | AX2: не собрано | AY2: не собрано | AZ2: не собрано | BA2: не собрано | BB2: не собрано | BC2: не собрано | BD2: не собрано | BE2: не собрано | BF2: не собрано | BG2: не собрано | BH2: не собрано | BI2: не собрано | BJ2: не собрано | BK2: не собрано
B5: D:L — отправка, ₽; M — минимум, ₽; N:AF — эффективная стоимость, ₽/кг.
B6: AH:BK — структура объёмных тарифов; эти данные приложением не собираются.

Sheet ЭкспедицияПлюс
A1: ЭкспедицияПлюс | C1: Назначение | D1: 0-1кг | E1: 1-3кг | F1: 3-5кг | G1: 5-10кг | H1: 10-15кг | I1: 15-20кг | J1: 20-35кг | K1: 35-40кг | L1: 40-50кг | M1: МИН | N1: до 100 | O1: до 200 | P1: до 250 | Q1: до 300 | R1: до 400 | S1: до 500 | T1: до 600 | U1: до 700 | V1: до 750 | W1: до 800 | X1: до 1000 | Y1: до 1200 | Z1: до 1500 | AA1: до 2000 | AB1: до 2500 | AC1: до 3000 | AD1: до 5000 | AE1: до 10000 | AF1: до 20000 | AH1: 0,2-0,4 | AI1: 0,4-0,6 | AJ1: 0,6-0,8 | AK1: 0,8-1,1 | AL1: 1,1-1,2 | AM1: 1,2-1,3 | AN1: 1,3-1,5 | AO1: 1,5-1,8 | AP1: 1,8-2 | AQ1: 2-2,3 | AR1: 2,3-2,5 | AS1: 2,5-3 | AT1: 3-3,2 | AU1: 3,2-3,6 | AV1: 3,6-4 | AW1: 4--5 | AX1: 5-5,5 | AY1: 5,5-5,8 | AZ1: 5,8-6 | BA1: 6--7 | BB1: 7-7,5 | BC1: 7,5-8 | BD1: 8--10 | BE1: 10--12 | BF1: 12--15 | BG1: 15--20 | BH1: 20--25 | BI1: 25--40 | BJ1: 40--45 | BK1: 40--80
A2: 1 | B2: Москва | C2: Санкт-Петербург | D2: 650 | E2: 650 | F2: 650 | G2: 650 | H2: 650 | I2: 650 | J2: 650 | K2: 650 | L2: 747.5 | M2: 650 | N2: 14.95 | O2: 14.8 | P2: 14.8 | Q2: 14.8 | R2: 14.4542 | S2: 14.4542 | T2: 14.341 | U2: 14.341 | V2: 14.341 | W2: 14.341 | X2: 14.066 | Y2: 14.066 | Z2: 14.066 | AA2: 13.7103 | AB2: 13.3059 | AC2: 13.3059 | AD2: 12.9663 | AE2: 12.9663 | AF2: 12.9663 | AH2: не собрано | AI2: не собрано | AJ2: не собрано | AK2: не собрано | AL2: не собрано | AM2: не собрано | AN2: не собрано | AO2: не собрано | AP2: не собрано | AQ2: не собрано | AR2: не собрано | AS2: не собрано | AT2: не собрано | AU2: не собрано | AV2: не собрано | AW2: не собрано | AX2: не собрано | AY2: не собрано | AZ2: не собрано | BA2: не собрано | BB2: не собрано | BC2: не собрано | BD2: не собрано | BE2: не собрано | BF2: не собрано | BG2: не собрано | BH2: не собрано | BI2: не собрано | BJ2: не собрано | BK2: не собрано
B5: D:L — отправка, ₽; M — минимум, ₽; N:AF — эффективная стоимость, ₽/кг.
B6: AH:BK — структура объёмных тарифов; эти данные приложением не собираются.

Sheet CTSgroup
A1: CTSgroup | C1: Назначение | D1: 0-1кг | E1: 1-3кг | F1: 3-5кг | G1: 5-10кг | H1: 10-15кг | I1: 15-20кг | J1: 20-35кг | K1: 35-40кг | L1: 40-50кг | M1: МИН | N1: до 100 | O1: до 200 | P1: до 250 | Q1: до 300 | R1: до 400 | S1: до 500 | T1: до 600 | U1: до 700 | V1: до 750 | W1: до 800 | X1: до 1000 | Y1: до 1200 | Z1: до 1500 | AA1: до 2000 | AB1: до 2500 | AC1: до 3000 | AD1: до 5000 | AE1: до 10000 | AF1: до 20000 | AH1: 0,2-0,4 | AI1: 0,4-0,6 | AJ1: 0,6-0,8 | AK1: 0,8-1,1 | AL1: 1,1-1,2 | AM1: 1,2-1,3 | AN1: 1,3-1,5 | AO1: 1,5-1,8 | AP1: 1,8-2 | AQ1: 2-2,3 | AR1: 2,3-2,5 | AS1: 2,5-3 | AT1: 3-3,2 | AU1: 3,2-3,6 | AV1: 3,6-4 | AW1: 4--5 | AX1: 5-5,5 | AY1: 5,5-5,8 | AZ1: 5,8-6 | BA1: 6--7 | BB1: 7-7,5 | BC1: 7,5-8 | BD1: 8--10 | BE1: 10--12 | BF1: 12--15 | BG1: 15--20 | BH1: 20--25 | BI1: 25--40 | BJ1: 40--45 | BK1: 40--80
A2: 1 | B2: Москва | C2: Санкт-Петербург | D2: 300 | E2: 300 | F2: 300 | G2: 300 | H2: 300 | I2: 300 | J2: 346.5 | K2: 396 | L2: 495 | M2: 300 | N2: 9.9 | O2: 9.9 | P2: 9.7 | Q2: 9.7 | R2: 9.7 | S2: 9.7 | T2: 9.5 | U2: 9.5 | V2: 9.5 | W2: 9.5 | X2: 9.5 | Y2: 9.3 | Z2: 9.3 | AA2: 9 | AB2: 9 | AC2: 9 | AD2: 9 | AE2: 9 | AF2: 9 | AH2: не собрано | AI2: не собрано | AJ2: не собрано | AK2: не собрано | AL2: не собрано | AM2: не собрано | AN2: не собрано | AO2: не собрано | AP2: не собрано | AQ2: не собрано | AR2: не собрано | AS2: не собрано | AT2: не собрано | AU2: не собрано | AV2: не собрано | AW2: не собрано | AX2: не собрано | AY2: не собрано | AZ2: не собрано | BA2: не собрано | BB2: не собрано | BC2: не собрано | BD2: не собрано | BE2: не собрано | BF2: не собрано | BG2: не собрано | BH2: не собрано | BI2: не собрано | BJ2: не собрано | BK2: не собрано
B5: D:L — отправка, ₽; M — минимум, ₽; N:AF — эффективная стоимость, ₽/кг.
B6: AH:BK — структура объёмных тарифов; эти данные приложением не собираются.

Sheet Енисей
A1: Енисей | D1: 0-1кг | E1: 1-3кг | F1: 3-5кг | G1: 5-10кг | H1: 10-15кг | I1: 15-20кг | J1: 20-35кг | K1: 35-40кг | L1: 40-50кг | M1: МИН | N1: до 100 | O1: до 200 | P1: до 250 | Q1: до 300 | R1: до 400 | S1: до 500 | T1: до 600 | U1: до 700 | V1: до 750 | W1: до 800 | X1: до 1000 | Y1: до 1200 | Z1: до 1500 | AA1: до 2000 | AB1: до 2500 | AC1: до 3000 | AD1: до 5000 | AE1: до 10000 | AF1: до 20000 | AH1: 0,2-0,4 | AI1: 0,4-0,6 | AJ1: 0,6-0,8 | AK1: 0,8-1,1 | AL1: 1,1-1,2 | AM1: 1,2-1,3 | AN1: 1,3-1,5 | AO1: 1,5-1,8 | AP1: 1,8-2 | AQ1: 2-2,3 | AR1: 2,3-2,5 | AS1: 2,5-3 | AT1: 3-3,2 | AU1: 3,2-3,6 | AV1: 3,6-4 | AW1: 4--5 | AX1: 5-5,5 | AY1: 5,5-5,8 | AZ1: 5,8-6 | BA1: 6--7 | BB1: 7-7,5 | BC1: 7,5-8 | BD1: 8--10 | BE1: 10--12 | BF1: 12--15 | BG1: 15--20 | BH1: 20--25 | BI1: 25--40 | BJ1: 40--45 | BK1: 40--80
A2: 1 | B2: Москва | C2: Санкт-Петербург | D2: нет данных | E2: нет данных | F2: нет данных | G2: нет данных | H2: нет данных | I2: нет данных | J2: нет данных | K2: нет данных | L2: нет данных | M2: нет данных | N2: нет данных | O2: нет данных | P2: нет данных | Q2: нет данных | R2: нет данных | S2: нет данных | T2: нет данных | U2: нет данных | V2: нет данных | W2: нет данных | X2: нет данных | Y2: нет данных | Z2: нет данных | AA2: нет данных | AB2: нет данных | AC2: нет данных | AD2: нет данных | AE2: нет данных | AF2: нет данных | AH2: не собрано | AI2: не собрано | AJ2: не собрано | AK2: не собрано | AL2: не собрано | AM2: не собрано | AN2: не собрано | AO2: не собрано | AP2: не собрано | AQ2: не собрано | AR2: не собрано | AS2: не собрано | AT2: не собрано | AU2: не собрано | AV2: не собрано | AW2: не собрано | AX2: не собрано | AY2: не собрано | AZ2: не собрано | BA2: не собрано | BB2: не собрано | BC2: не собрано | BD2: не собрано | BE2: не собрано | BF2: не собрано | BG2: не собрано | BH2: не собрано | BI2: не собрано | BJ2: не собрано | BK2: не собрано
B5: D:L — отправка, ₽; M — минимум, ₽; N:AF — эффективная стоимость, ₽/кг.
B6: AH:BK — структура объёмных тарифов; эти данные приложением не собираются.

Sheet Терминал
A1: Терминал | D1: 0-1кг | E1: 1-3кг | F1: 3-5кг | G1: 5-10кг | H1: 10-15кг | I1: 15-20кг | J1: 20-35кг | K1: 35-40кг | L1: 40-50кг | M1: МИН | N1: до 100 | O1: до 200 | P1: до 250 | Q1: до 300 | R1: до 400 | S1: до 500 | T1: до 600 | U1: до 700 | V1: до 750 | W1: до 800 | X1: до 1000 | Y1: до 1200 | Z1: до 1500 | AA1: до 2000 | AB1: до 2500 | AC1: до 3000 | AD1: до 5000 | AE1: до 10000 | AF1: до 20000 | AH1: 0,2-0,4 | AI1: 0,4-0,6 | AJ1: 0,6-0,8 | AK1: 0,8-1,1 | AL1: 1,1-1,2 | AM1: 1,2-1,3 | AN1: 1,3-1,5 | AO1: 1,5-1,8 | AP1: 1,8-2 | AQ1: 2-2,3 | AR1: 2,3-2,5 | AS1: 2,5-3 | AT1: 3-3,2 | AU1: 3,2-3,6 | AV1: 3,6-4 | AW1: 4--5 | AX1: 5-5,5 | AY1: 5,5-5,8 | AZ1: 5,8-6 | BA1: 6--7 | BB1: 7-7,5 | BC1: 7,5-8 | BD1: 8--10 | BE1: 10--12 | BF1: 12--15 | BG1: 15--20 | BH1: 20--25 | BI1: 25--40 | BJ1: 40--45 | BK1: 40--80
A2: 1 | B2: Москва | C2: Санкт-Петербург | D2: нет данных | E2: нет данных | F2: нет данных | G2: нет данных | H2: нет данных | I2: нет данных | J2: нет данных | K2: нет данных | L2: нет данных | M2: нет данных | N2: нет данных | O2: нет данных | P2: нет данных | Q2: нет данных | R2: нет данных | S2: нет данных | T2: нет данных | U2: нет данных | V2: нет данных | W2: нет данных | X2: нет данных | Y2: нет данных | Z2: нет данных | AA2: нет данных | AB2: нет данных | AC2: нет данных | AD2: нет данных | AE2: нет данных | AF2: нет данных | AH2: не собрано | AI2: не собрано | AJ2: не собрано | AK2: не собрано | AL2: не собрано | AM2: не собрано | AN2: не собрано | AO2: не собрано | AP2: не собрано | AQ2: не собрано | AR2: не собрано | AS2: не собрано | AT2: не собрано | AU2: не собрано | AV2: не собрано | AW2: не собрано | AX2: не собрано | AY2: не собрано | AZ2: не собрано | BA2: не собрано | BB2: не собрано | BC2: не собрано | BD2: не собрано | BE2: не собрано | BF2: не собрано | BG2: не собрано | BH2: не собрано | BI2: не собрано | BJ2: не собрано | BK2: не собрано
B5: D:L — отправка, ₽; M — минимум, ₽; N:AF — эффективная стоимость, ₽/кг.
B6: AH:BK — структура объёмных тарифов; эти данные приложением не собираются.

Sheet Сибтехнотранс
A1: Сибтехнотранс | D1: 0-1кг | E1: 1-3кг | F1: 3-5кг | G1: 5-10кг | H1: 10-15кг | I1: 15-20кг | J1: 20-35кг | K1: 35-40кг | L1: 40-50кг | M1: МИН | N1: до 100 | O1: до 200 | P1: до 250 | Q1: до 300 | R1: до 400 | S1: до 500 | T1: до 600 | U1: до 700 | V1: до 750 | W1: до 800 | X1: до 1000 | Y1: до 1200 | Z1: до 1500 | AA1: до 2000 | AB1: до 2500 | AC1: до 3000 | AD1: до 5000 | AE1: до 10000 | AF1: до 20000 | AH1: 0,2-0,4 | AI1: 0,4-0,6 | AJ1: 0,6-0,8 | AK1: 0,8-1,1 | AL1: 1,1-1,2 | AM1: 1,2-1,3 | AN1: 1,3-1,5 | AO1: 1,5-1,8 | AP1: 1,8-2 | AQ1: 2-2,3 | AR1: 2,3-2,5 | AS1: 2,5-3 | AT1: 3-3,2 | AU1: 3,2-3,6 | AV1: 3,6-4 | AW1: 4--5 | AX1: 5-5,5 | AY1: 5,5-5,8 | AZ1: 5,8-6 | BA1: 6--7 | BB1: 7-7,5 | BC1: 7,5-8 | BD1: 8--10 | BE1: 10--12 | BF1: 12--15 | BG1: 15--20 | BH1: 20--25 | BI1: 25--40 | BJ1: 40--45 | BK1: 40--80
A2: 1 | B2: Москва | C2: Санкт-Петербург | D2: нет данных | E2: нет данных | F2: нет данных | G2: нет данных | H2: нет данных | I2: нет данных | J2: нет данных | K2: нет данных | L2: нет данных | M2: нет данных | N2: нет данных | O2: нет данных | P2: нет данных | Q2: нет данных | R2: нет данных | S2: нет данных | T2: нет данных | U2: нет данных | V2: нет данных | W2: нет данных | X2: нет данных | Y2: нет данных | Z2: нет данных | AA2: нет данных | AB2: нет данных | AC2: нет данных | AD2: нет данных | AE2: нет данных | AF2: нет данных | AH2: не собрано | AI2: не собрано | AJ2: не собрано | AK2: не собрано | AL2: не собрано | AM2: не собрано | AN2: не собрано | AO2: не собрано | AP2: не собрано | AQ2: не собрано | AR2: не собрано | AS2: не собрано | AT2: не собрано | AU2: не собрано | AV2: не собрано | AW2: не собрано | AX2: не собрано | AY2: не собрано | AZ2: не собрано | BA2: не собрано | BB2: не собрано | BC2: не собрано | BD2: не собрано | BE2: не собрано | BF2: не собрано | BG2: не собрано | BH2: не собрано | BI2: не собрано | BJ2: не собрано | BK2: не собрано
B5: D:L — отправка, ₽; M — минимум, ₽; N:AF — эффективная стоимость, ₽/кг.
B6: AH:BK — структура объёмных тарифов; эти данные приложением не собираются.

Sheet ИмперияАвто
A1: ИмперияАвто | D1: 0-1кг | E1: 1-3кг | F1: 3-5кг | G1: 5-10кг | H1: 10-15кг | I1: 15-20кг | J1: 20-35кг | K1: 35-40кг | L1: 40-50кг | M1: МИН | N1: до 100 | O1: до 200 | P1: до 250 | Q1: до 300 | R1: до 400 | S1: до 500 | T1: до 600 | U1: до 700 | V1: до 750 | W1: до 800 | X1: до 1000 | Y1: до 1200 | Z1: до 1500 | AA1: до 2000 | AB1: до 2500 | AC1: до 3000 | AD1: до 5000 | AE1: до 10000 | AF1: до 20000 | AH1: 0,2-0,4 | AI1: 0,4-0,6 | AJ1: 0,6-0,8 | AK1: 0,8-1,1 | AL1: 1,1-1,2 | AM1: 1,2-1,3 | AN1: 1,3-1,5 | AO1: 1,5-1,8 | AP1: 1,8-2 | AQ1: 2-2,3 | AR1: 2,3-2,5 | AS1: 2,5-3 | AT1: 3-3,2 | AU1: 3,2-3,6 | AV1: 3,6-4 | AW1: 4--5 | AX1: 5-5,5 | AY1: 5,5-5,8 | AZ1: 5,8-6 | BA1: 6--7 | BB1: 7-7,5 | BC1: 7,5-8 | BD1: 8--10 | BE1: 10--12 | BF1: 12--15 | BG1: 15--20 | BH1: 20--25 | BI1: 25--40 | BJ1: 40--45 | BK1: 40--80
A2: 1 | B2: Москва | C2: Санкт-Петербург | D2: нет данных | E2: нет данных | F2: нет данных | G2: нет данных | H2: нет данных | I2: нет данных | J2: нет данных | K2: нет данных | L2: нет данных | M2: нет данных | N2: нет данных | O2: нет данных | P2: нет данных | Q2: нет данных | R2: нет данных | S2: нет данных | T2: нет данных | U2: нет данных | V2: нет данных | W2: нет данных | X2: нет данных | Y2: нет данных | Z2: нет данных | AA2: нет данных | AB2: нет данных | AC2: нет данных | AD2: нет данных | AE2: нет данных | AF2: нет данных | AH2: не собрано | AI2: не собрано | AJ2: не собрано | AK2: не собрано | AL2: не собрано | AM2: не собрано | AN2: не собрано | AO2: не собрано | AP2: не собрано | AQ2: не собрано | AR2: не собрано | AS2: не собрано | AT2: не собрано | AU2: не собрано | AV2: не собрано | AW2: не собрано | AX2: не собрано | AY2: не собрано | AZ2: не собрано | BA2: не собрано | BB2: не собрано | BC2: не собрано | BD2: не собрано | BE2: не собрано | BF2: не собрано | BG2: не собрано | BH2: не собрано | BI2: не собрано | BJ2: не собрано | BK2: не собрано
B5: D:L — отправка, ₽; M — минимум, ₽; N:AF — эффективная стоимость, ₽/кг.
B6: AH:BK — структура объёмных тарифов; эти данные приложением не собираются.

Sheet Магистраль
A1: Магистраль | D1: 0-1кг | E1: 1-3кг | F1: 3-5кг | G1: 5-10кг | H1: 10-15кг | I1: 15-20кг | J1: 20-35кг | K1: 35-40кг | L1: 40-50кг | M1: МИН | N1: до 100 | O1: до 200 | P1: до 250 | Q1: до 300 | R1: до 400 | S1: до 500 | T1: до 600 | U1: до 700 | V1: до 750 | W1: до 800 | X1: до 1000 | Y1: до 1200 | Z1: до 1500 | AA1: до 2000 | AB1: до 2500 | AC1: до 3000 | AD1: до 5000 | AE1: до 10000 | AF1: до 20000 | AH1: 0,2-0,4 | AI1: 0,4-0,6 | AJ1: 0,6-0,8 | AK1: 0,8-1,1 | AL1: 1,1-1,2 | AM1: 1,2-1,3 | AN1: 1,3-1,5 | AO1: 1,5-1,8 | AP1: 1,8-2 | AQ1: 2-2,3 | AR1: 2,3-2,5 | AS1: 2,5-3 | AT1: 3-3,2 | AU1: 3,2-3,6 | AV1: 3,6-4 | AW1: 4--5 | AX1: 5-5,5 | AY1: 5,5-5,8 | AZ1: 5,8-6 | BA1: 6--7 | BB1: 7-7,5 | BC1: 7,5-8 | BD1: 8--10 | BE1: 10--12 | BF1: 12--15 | BG1: 15--20 | BH1: 20--25 | BI1: 25--40 | BJ1: 40--45 | BK1: 40--80
A2: 1 | B2: Москва | C2: Санкт-Петербург | D2: нет данных | E2: нет данных | F2: нет данных | G2: нет данных | H2: нет данных | I2: нет данных | J2: нет данных | K2: нет данных | L2: нет данных | M2: нет данных | N2: нет данных | O2: нет данных | P2: нет данных | Q2: нет данных | R2: нет данных | S2: нет данных | T2: нет данных | U2: нет данных | V2: нет данных | W2: нет данных | X2: нет данных | Y2: нет данных | Z2: нет данных | AA2: нет данных | AB2: нет данных | AC2: нет данных | AD2: нет данных | AE2: нет данных | AF2: нет данных | AH2: не собрано | AI2: не собрано | AJ2: не собрано | AK2: не собрано | AL2: не собрано | AM2: не собрано | AN2: не собрано | AO2: не собрано | AP2: не собрано | AQ2: не собрано | AR2: не собрано | AS2: не собрано | AT2: не собрано | AU2: не собрано | AV2: не собрано | AW2: не собрано | AX2: не собрано | AY2: не собрано | AZ2: не собрано | BA2: не собрано | BB2: не собрано | BC2: не собрано | BD2: не собрано | BE2: не собрано | BF2: не собрано | BG2: не собрано | BH2: не собрано | BI2: не собрано | BJ2: не собрано | BK2: не собрано
B5: D:L — отправка, ₽; M — минимум, ₽; N:AF — эффективная стоимость, ₽/кг.
B6: AH:BK — структура объёмных тарифов; эти данные приложением не собираются.

Sheet Транзит
A1: Транзит | D1: 0-1кг | E1: 1-3кг | F1: 3-5кг | G1: 5-10кг | H1: 10-15кг | I1: 15-20кг | J1: 20-35кг | K1: 35-40кг | L1: 40-50кг | M1: МИН | N1: до 100 | O1: до 200 | P1: до 250 | Q1: до 300 | R1: до 400 | S1: до 500 | T1: до 600 | U1: до 700 | V1: до 750 | W1: до 800 | X1: до 1000 | Y1: до 1200 | Z1: до 1500 | AA1: до 2000 | AB1: до 2500 | AC1: до 3000 | AD1: до 5000 | AE1: до 10000 | AF1: до 20000 | AH1: 0,2-0,4 | AI1: 0,4-0,6 | AJ1: 0,6-0,8 | AK1: 0,8-1,1 | AL1: 1,1-1,2 | AM1: 1,2-1,3 | AN1: 1,3-1,5 | AO1: 1,5-1,8 | AP1: 1,8-2 | AQ1: 2-2,3 | AR1: 2,3-2,5 | AS1: 2,5-3 | AT1: 3-3,2 | AU1: 3,2-3,6 | AV1: 3,6-4 | AW1: 4--5 | AX1: 5-5,5 | AY1: 5,5-5,8 | AZ1: 5,8-6 | BA1: 6--7 | BB1: 7-7,5 | BC1: 7,5-8 | BD1: 8--10 | BE1: 10--12 | BF1: 12--15 | BG1: 15--20 | BH1: 20--25 | BI1: 25--40 | BJ1: 40--45 | BK1: 40--80
A2: 1 | B2: Москва | C2: Санкт-Петербург | D2: нет данных | E2: нет данных | F2: нет данных | G2: нет данных | H2: нет данных | I2: нет данных | J2: нет данных | K2: нет данных | L2: нет данных | M2: нет данных | N2: нет данных | O2: нет данных | P2: нет данных | Q2: нет данных | R2: нет данных | S2: нет данных | T2: нет данных | U2: нет данных | V2: нет данных | W2: нет данных | X2: нет данных | Y2: нет данных | Z2: нет данных | AA2: нет данных | AB2: нет данных | AC2: нет данных | AD2: нет данных | AE2: нет данных | AF2: нет данных | AH2: не собрано | AI2: не собрано | AJ2: не собрано | AK2: не собрано | AL2: не собрано | AM2: не собрано | AN2: не собрано | AO2: не собрано | AP2: не собрано | AQ2: не собрано | AR2: не собрано | AS2: не собрано | AT2: не собрано | AU2: не собрано | AV2: не собрано | AW2: не собрано | AX2: не собрано | AY2: не собрано | AZ2: не собрано | BA2: не собрано | BB2: не собрано | BC2: не собрано | BD2: не собрано | BE2: не собрано | BF2: не собрано | BG2: не собрано | BH2: не собрано | BI2: не собрано | BJ2: не собрано | BK2: не собрано
B5: D:L — отправка, ₽; M — минимум, ₽; N:AF — эффективная стоимость, ₽/кг.
B6: AH:BK — структура объёмных тарифов; эти данные приложением не собираются.

Sheet АРТК
A1: АРТК | D1: 0-1кг | E1: 1-3кг | F1: 3-5кг | G1: 5-10кг | H1: 10-15кг | I1: 15-20кг | J1: 20-35кг | K1: 35-40кг | L1: 40-50кг | M1: МИН | N1: до 100 | O1: до 200 | P1: до 250 | Q1: до 300 | R1: до 400 | S1: до 500 | T1: до 600 | U1: до 700 | V1: до 750 | W1: до 800 | X1: до 1000 | Y1: до 1200 | Z1: до 1500 | AA1: до 2000 | AB1: до 2500 | AC1: до 3000 | AD1: до 5000 | AE1: до 10000 | AF1: до 20000 | AH1: 0,2-0,4 | AI1: 0,4-0,6 | AJ1: 0,6-0,8 | AK1: 0,8-1,1 | AL1: 1,1-1,2 | AM1: 1,2-1,3 | AN1: 1,3-1,5 | AO1: 1,5-1,8 | AP1: 1,8-2 | AQ1: 2-2,3 | AR1: 2,3-2,5 | AS1: 2,5-3 | AT1: 3-3,2 | AU1: 3,2-3,6 | AV1: 3,6-4 | AW1: 4--5 | AX1: 5-5,5 | AY1: 5,5-5,8 | AZ1: 5,8-6 | BA1: 6--7 | BB1: 7-7,5 | BC1: 7,5-8 | BD1: 8--10 | BE1: 10--12 | BF1: 12--15 | BG1: 15--20 | BH1: 20--25 | BI1: 25--40 | BJ1: 40--45 | BK1: 40--80
A2: 1 | B2: Москва | C2: Санкт-Петербург | D2: нет данных | E2: нет данных | F2: нет данных | G2: нет данных | H2: нет данных | I2: нет данных | J2: нет данных | K2: нет данных | L2: нет данных | M2: нет данных | N2: нет данных | O2: нет данных | P2: нет данных | Q2: нет данных | R2: нет данных | S2: нет данных | T2: нет данных | U2: нет данных | V2: нет данных | W2: нет данных | X2: нет данных | Y2: нет данных | Z2: нет данных | AA2: нет данных | AB2: нет данных | AC2: нет данных | AD2: нет данных | AE2: нет данных | AF2: нет данных | AH2: не собрано | AI2: не собрано | AJ2: не собрано | AK2: не собрано | AL2: не собрано | AM2: не собрано | AN2: не собрано | AO2: не собрано | AP2: не собрано | AQ2: не собрано | AR2: не собрано | AS2: не собрано | AT2: не собрано | AU2: не собрано | AV2: не собрано | AW2: не собрано | AX2: не собрано | AY2: не собрано | AZ2: не собрано | BA2: не собрано | BB2: не собрано | BC2: не собрано | BD2: не собрано | BE2: не собрано | BF2: не собрано | BG2: не собрано | BH2: не собрано | BI2: не собрано | BJ2: не собрано | BK2: не собрано
B5: D:L — отправка, ₽; M — минимум, ₽; N:AF — эффективная стоимость, ₽/кг.
B6: AH:BK — структура объёмных тарифов; эти данные приложением не собираются.

Sheet Аскор
A1: Аскор | D1: 0-1кг | E1: 1-3кг | F1: 3-5кг | G1: 5-10кг | H1: 10-15кг | I1: 15-20кг | J1: 20-35кг | K1: 35-40кг | L1: 40-50кг | M1: МИН | N1: до 100 | O1: до 200 | P1: до 250 | Q1: до 300 | R1: до 400 | S1: до 500 | T1: до 600 | U1: до 700 | V1: до 750 | W1: до 800 | X1: до 1000 | Y1: до 1200 | Z1: до 1500 | AA1: до 2000 | AB1: до 2500 | AC1: до 3000 | AD1: до 5000 | AE1: до 10000 | AF1: до 20000 | AH1: 0,2-0,4 | AI1: 0,4-0,6 | AJ1: 0,6-0,8 | AK1: 0,8-1,1 | AL1: 1,1-1,2 | AM1: 1,2-1,3 | AN1: 1,3-1,5 | AO1: 1,5-1,8 | AP1: 1,8-2 | AQ1: 2-2,3 | AR1: 2,3-2,5 | AS1: 2,5-3 | AT1: 3-3,2 | AU1: 3,2-3,6 | AV1: 3,6-4 | AW1: 4--5 | AX1: 5-5,5 | AY1: 5,5-5,8 | AZ1: 5,8-6 | BA1: 6--7 | BB1: 7-7,5 | BC1: 7,5-8 | BD1: 8--10 | BE1: 10--12 | BF1: 12--15 | BG1: 15--20 | BH1: 20--25 | BI1: 25--40 | BJ1: 40--45 | BK1: 40--80
A2: 1 | B2: Москва | C2: Санкт-Петербург | D2: нет данных | E2: нет данных | F2: нет данных | G2: нет данных | H2: нет данных | I2: нет данных | J2: нет данных | K2: нет данных | L2: нет данных | M2: нет данных | N2: нет данных | O2: нет данных | P2: нет данных | Q2: нет данных | R2: нет данных | S2: нет данных | T2: нет данных | U2: нет данных | V2: нет данных | W2: нет данных | X2: нет данных | Y2: нет данных | Z2: нет данных | AA2: нет данных | AB2: нет данных | AC2: нет данных | AD2: нет данных | AE2: нет данных | AF2: нет данных | AH2: не собрано | AI2: не собрано | AJ2: не собрано | AK2: не собрано | AL2: не собрано | AM2: не собрано | AN2: не собрано | AO2: не собрано | AP2: не собрано | AQ2: не собрано | AR2: не собрано | AS2: не собрано | AT2: не собрано | AU2: не собрано | AV2: не собрано | AW2: не собрано | AX2: не собрано | AY2: не собрано | AZ2: не собрано | BA2: не собрано | BB2: не собрано | BC2: не собрано | BD2: не собрано | BE2: не собрано | BF2: не собрано | BG2: не собрано | BH2: не собрано | BI2: не собрано | BJ2: не собрано | BK2: не собрано
B5: D:L — отправка, ₽; M — минимум, ₽; N:AF — эффективная стоимость, ₽/кг.
B6: AH:BK — структура объёмных тарифов; эти данные приложением не собираются.

Sheet КараванКарго
A1: КараванКарго | D1: 0-1кг | E1: 1-3кг | F1: 3-5кг | G1: 5-10кг | H1: 10-15кг | I1: 15-20кг | J1: 20-35кг | K1: 35-40кг | L1: 40-50кг | M1: МИН | N1: до 100 | O1: до 200 | P1: до 250 | Q1: до 300 | R1: до 400 | S1: до 500 | T1: до 600 | U1: до 700 | V1: до 750 | W1: до 800 | X1: до 1000 | Y1: до 1200 | Z1: до 1500 | AA1: до 2000 | AB1: до 2500 | AC1: до 3000 | AD1: до 5000 | AE1: до 10000 | AF1: до 20000 | AH1: 0,2-0,4 | AI1: 0,4-0,6 | AJ1: 0,6-0,8 | AK1: 0,8-1,1 | AL1: 1,1-1,2 | AM1: 1,2-1,3 | AN1: 1,3-1,5 | AO1: 1,5-1,8 | AP1: 1,8-2 | AQ1: 2-2,3 | AR1: 2,3-2,5 | AS1: 2,5-3 | AT1: 3-3,2 | AU1: 3,2-3,6 | AV1: 3,6-4 | AW1: 4--5 | AX1: 5-5,5 | AY1: 5,5-5,8 | AZ1: 5,8-6 | BA1: 6--7 | BB1: 7-7,5 | BC1: 7,5-8 | BD1: 8--10 | BE1: 10--12 | BF1: 12--15 | BG1: 15--20 | BH1: 20--25 | BI1: 25--40 | BJ1: 40--45 | BK1: 40--80
A2: 1 | B2: Москва | C2: Санкт-Петербург | D2: нет данных | E2: нет данных | F2: нет данных | G2: нет данных | H2: нет данных | I2: нет данных | J2: нет данных | K2: нет данных | L2: нет данных | M2: нет данных | N2: нет данных | O2: нет данных | P2: нет данных | Q2: нет данных | R2: нет данных | S2: нет данных | T2: нет данных | U2: нет данных | V2: нет данных | W2: нет данных | X2: нет данных | Y2: нет данных | Z2: нет данных | AA2: нет данных | AB2: нет данных | AC2: нет данных | AD2: нет данных | AE2: нет данных | AF2: нет данных | AH2: не собрано | AI2: не собрано | AJ2: не собрано | AK2: не собрано | AL2: не собрано | AM2: не собрано | AN2: не собрано | AO2: не собрано | AP2: не собрано | AQ2: не собрано | AR2: не собрано | AS2: не собрано | AT2: не собрано | AU2: не собрано | AV2: не собрано | AW2: не собрано | AX2: не собрано | AY2: не собрано | AZ2: не собрано | BA2: не собрано | BB2: не собрано | BC2: не собрано | BD2: не собрано | BE2: не собрано | BF2: не собрано | BG2: не собрано | BH2: не собрано | BI2: не собрано | BJ2: не собрано | BK2: не собрано
B5: D:L — отправка, ₽; M — минимум, ₽; N:AF — эффективная стоимость, ₽/кг.
B6: AH:BK — структура объёмных тарифов; эти данные приложением не собираются.

Sheet СолнечныйМагадан
A1: СолнечныйМагадан | D1: 0-1кг | E1: 1-3кг | F1: 3-5кг | G1: 5-10кг | H1: 10-15кг | I1: 15-20кг | J1: 20-35кг | K1: 35-40кг | L1: 40-50кг | M1: МИН | N1: до 100 | O1: до 200 | P1: до 250 | Q1: до 300 | R1: до 400 | S1: до 500 | T1: до 600 | U1: до 700 | V1: до 750 | W1: до 800 | X1: до 1000 | Y1: до 1200 | Z1: до 1500 | AA1: до 2000 | AB1: до 2500 | AC1: до 3000 | AD1: до 5000 | AE1: до 10000 | AF1: до 20000 | AH1: 0,2-0,4 | AI1: 0,4-0,6 | AJ1: 0,6-0,8 | AK1: 0,8-1,1 | AL1: 1,1-1,2 | AM1: 1,2-1,3 | AN1: 1,3-1,5 | AO1: 1,5-1,8 | AP1: 1,8-2 | AQ1: 2-2,3 | AR1: 2,3-2,5 | AS1: 2,5-3 | AT1: 3-3,2 | AU1: 3,2-3,6 | AV1: 3,6-4 | AW1: 4--5 | AX1: 5-5,5 | AY1: 5,5-5,8 | AZ1: 5,8-6 | BA1: 6--7 | BB1: 7-7,5 | BC1: 7,5-8 | BD1: 8--10 | BE1: 10--12 | BF1: 12--15 | BG1: 15--20 | BH1: 20--25 | BI1: 25--40 | BJ1: 40--45 | BK1: 40--80
A2: 1 | B2: Москва | C2: Санкт-Петербург | D2: нет данных | E2: нет данных | F2: нет данных | G2: нет данных | H2: нет данных | I2: нет данных | J2: нет данных | K2: нет данных | L2: нет данных | M2: нет данных | N2: нет данных | O2: нет данных | P2: нет данных | Q2: нет данных | R2: нет данных | S2: нет данных | T2: нет данных | U2: нет данных | V2: нет данных | W2: нет данных | X2: нет данных | Y2: нет данных | Z2: нет данных | AA2: нет данных | AB2: нет данных | AC2: нет данных | AD2: нет данных | AE2: нет данных | AF2: нет данных | AH2: не собрано | AI2: не собрано | AJ2: не собрано | AK2: не собрано | AL2: не собрано | AM2: не собрано | AN2: не собрано | AO2: не собрано | AP2: не собрано | AQ2: не собрано | AR2: не собрано | AS2: не собрано | AT2: не собрано | AU2: не собрано | AV2: не собрано | AW2: не собрано | AX2: не собрано | AY2: не собрано | AZ2: не собрано | BA2: не собрано | BB2: не собрано | BC2: не собрано | BD2: не собрано | BE2: не собрано | BF2: не собрано | BG2: не собрано | BH2: не собрано | BI2: не собрано | BJ2: не собрано | BK2: не собрано
B5: D:L — отправка, ₽; M — минимум, ₽; N:AF — эффективная стоимость, ₽/кг.
B6: AH:BK — структура объёмных тарифов; эти данные приложением не собираются.

Sheet Анкор
A1: Анкор | D1: 0-1кг | E1: 1-3кг | F1: 3-5кг | G1: 5-10кг | H1: 10-15кг | I1: 15-20кг | J1: 20-35кг | K1: 35-40кг | L1: 40-50кг | M1: МИН | N1: до 100 | O1: до 200 | P1: до 250 | Q1: до 300 | R1: до 400 | S1: до 500 | T1: до 600 | U1: до 700 | V1: до 750 | W1: до 800 | X1: до 1000 | Y1: до 1200 | Z1: до 1500 | AA1: до 2000 | AB1: до 2500 | AC1: до 3000 | AD1: до 5000 | AE1: до 10000 | AF1: до 20000 | AH1: 0,2-0,4 | AI1: 0,4-0,6 | AJ1: 0,6-0,8 | AK1: 0,8-1,1 | AL1: 1,1-1,2 | AM1: 1,2-1,3 | AN1: 1,3-1,5 | AO1: 1,5-1,8 | AP1: 1,8-2 | AQ1: 2-2,3 | AR1: 2,3-2,5 | AS1: 2,5-3 | AT1: 3-3,2 | AU1: 3,2-3,6 | AV1: 3,6-4 | AW1: 4--5 | AX1: 5-5,5 | AY1: 5,5-5,8 | AZ1: 5,8-6 | BA1: 6--7 | BB1: 7-7,5 | BC1: 7,5-8 | BD1: 8--10 | BE1: 10--12 | BF1: 12--15 | BG1: 15--20 | BH1: 20--25 | BI1: 25--40 | BJ1: 40--45 | BK1: 40--80
A2: 1 | B2: Москва | C2: Санкт-Петербург | D2: нет данных | E2: нет данных | F2: нет данных | G2: нет данных | H2: нет данных | I2: нет данных | J2: нет данных | K2: нет данных | L2: нет данных | M2: нет данных | N2: нет данных | O2: нет данных | P2: нет данных | Q2: нет данных | R2: нет данных | S2: нет данных | T2: нет данных | U2: нет данных | V2: нет данных | W2: нет данных | X2: нет данных | Y2: нет данных | Z2: нет данных | AA2: нет данных | AB2: нет данных | AC2: нет данных | AD2: нет данных | AE2: нет данных | AF2: нет данных | AH2: не собрано | AI2: не собрано | AJ2: не собрано | AK2: не собрано | AL2: не собрано | AM2: не собрано | AN2: не собрано | AO2: не собрано | AP2: не собрано | AQ2: не собрано | AR2: не собрано | AS2: не собрано | AT2: не собрано | AU2: не собрано | AV2: не собрано | AW2: не собрано | AX2: не собрано | AY2: не собрано | AZ2: не собрано | BA2: не собрано | BB2: не собрано | BC2: не собрано | BD2: не собрано | BE2: не собрано | BF2: не собрано | BG2: не собрано | BH2: не собрано | BI2: не собрано | BJ2: не собрано | BK2: не собрано
B5: D:L — отправка, ₽; M — минимум, ₽; N:AF — эффективная стоимость, ₽/кг.
B6: AH:BK — структура объёмных тарифов; эти данные приложением не собираются.

Sheet ЖелдорАльянс
A1: ЖелдорАльянс | C1: Назначение | D1: 0-1кг | E1: 1-3кг | F1: 3-5кг | G1: 5-10кг | H1: 10-15кг | I1: 15-20кг | J1: 20-35кг | K1: 35-40кг | L1: 40-50кг | M1: МИН | N1: до 100 | O1: до 200 | P1: до 250 | Q1: до 300 | R1: до 400 | S1: до 500 | T1: до 600 | U1: до 700 | V1: до 750 | W1: до 800 | X1: до 1000 | Y1: до 1200 | Z1: до 1500 | AA1: до 2000 | AB1: до 2500 | AC1: до 3000 | AD1: до 5000 | AE1: до 10000 | AF1: до 20000 | AH1: 0,2-0,4 | AI1: 0,4-0,6 | AJ1: 0,6-0,8 | AK1: 0,8-1,1 | AL1: 1,1-1,2 | AM1: 1,2-1,3 | AN1: 1,3-1,5 | AO1: 1,5-1,8 | AP1: 1,8-2 | AQ1: 2-2,3 | AR1: 2,3-2,5 | AS1: 2,5-3 | AT1: 3-3,2 | AU1: 3,2-3,6 | AV1: 3,6-4 | AW1: 4--5 | AX1: 5-5,5 | AY1: 5,5-5,8 | AZ1: 5,8-6 | BA1: 6--7 | BB1: 7-7,5 | BC1: 7,5-8 | BD1: 8--10 | BE1: 10--12 | BF1: 12--15 | BG1: 15--20 | BH1: 20--25 | BI1: 25--40 | BJ1: 40--45 | BK1: 40--80
A2: 1 | B2: Москва | C2: Санкт-Петербург | D2: нет данных | E2: нет данных | F2: нет данных | G2: нет данных | H2: нет данных | I2: нет данных | J2: нет данных | K2: нет данных | L2: нет данных | M2: нет данных | N2: нет данных | O2: нет данных | P2: нет данных | Q2: нет данных | R2: нет данных | S2: нет данных | T2: нет данных | U2: нет данных | V2: нет данных | W2: нет данных | X2: нет данных | Y2: нет данных | Z2: нет данных | AA2: нет данных | AB2: нет данных | AC2: нет данных | AD2: нет данных | AE2: нет данных | AF2: нет данных | AH2: не собрано | AI2: не собрано | AJ2: не собрано | AK2: не собрано | AL2: не собрано | AM2: не собрано | AN2: не собрано | AO2: не собрано | AP2: не собрано | AQ2: не собрано | AR2: не собрано | AS2: не собрано | AT2: не собрано | AU2: не собрано | AV2: не собрано | AW2: не собрано | AX2: не собрано | AY2: не собрано | AZ2: не собрано | BA2: не собрано | BB2: не собрано | BC2: не собрано | BD2: не собрано | BE2: не собрано | BF2: не собрано | BG2: не собрано | BH2: не собрано | BI2: не собрано | BJ2: не собрано | BK2: не собрано
B5: D:L — отправка, ₽; M — минимум, ₽; N:AF — эффективная стоимость, ₽/кг.
B6: AH:BK — структура объёмных тарифов; эти данные приложением не собираются.

Sheet ЖелдорЭкспресс
A1: ЖелдорЭкспресс | C1: Назначение | D1: 0-1кг | E1: 1-3кг | F1: 3-5кг | G1: 5-10кг | H1: 10-15кг | I1: 15-20кг | J1: 20-35кг | K1: 35-40кг | L1: 40-50кг | M1: МИН | N1: до 100 | O1: до 200 | P1: до 250 | Q1: до 300 | R1: до 400 | S1: до 500 | T1: до 600 | U1: до 700 | V1: до 750 | W1: до 800 | X1: до 1000 | Y1: до 1200 | Z1: до 1500 | AA1: до 2000 | AB1: до 2500 | AC1: до 3000 | AD1: до 5000 | AE1: до 10000 | AF1: до 20000 | AH1: 0,2-0,4 | AI1: 0,4-0,6 | AJ1: 0,6-0,8 | AK1: 0,8-1,1 | AL1: 1,1-1,2 | AM1: 1,2-1,3 | AN1: 1,3-1,5 | AO1: 1,5-1,8 | AP1: 1,8-2 | AQ1: 2-2,3 | AR1: 2,3-2,5 | AS1: 2,5-3 | AT1: 3-3,2 | AU1: 3,2-3,6 | AV1: 3,6-4 | AW1: 4--5 | AX1: 5-5,5 | AY1: 5,5-5,8 | AZ1: 5,8-6 | BA1: 6--7 | BB1: 7-7,5 | BC1: 7,5-8 | BD1: 8--10 | BE1: 10--12 | BF1: 12--15 | BG1: 15--20 | BH1: 20--25 | BI1: 25--40 | BJ1: 40--45 | BK1: 40--80
A2: 1 | B2: Москва | C2: Санкт-Петербург | D2: нет данных | E2: нет данных | F2: нет данных | G2: нет данных | H2: нет данных | I2: нет данных | J2: нет данных | K2: нет данных | L2: нет данных | M2: нет данных | N2: нет данных | O2: нет данных | P2: нет данных | Q2: нет данных | R2: нет данных | S2: нет данных | T2: нет данных | U2: нет данных | V2: нет данных | W2: нет данных | X2: нет данных | Y2: нет данных | Z2: нет данных | AA2: нет данных | AB2: нет данных | AC2: нет данных | AD2: нет данных | AE2: нет данных | AF2: нет данных | AH2: не собрано | AI2: не собрано | AJ2: не собрано | AK2: не собрано | AL2: не собрано | AM2: не собрано | AN2: не собрано | AO2: не собрано | AP2: не собрано | AQ2: не собрано | AR2: не собрано | AS2: не собрано | AT2: не собрано | AU2: не собрано | AV2: не собрано | AW2: не собрано | AX2: не собрано | AY2: не собрано | AZ2: не собрано | BA2: не собрано | BB2: не собрано | BC2: не собрано | BD2: не собрано | BE2: не собрано | BF2: не собрано | BG2: не собрано | BH2: не собрано | BI2: не собрано | BJ2: не собрано | BK2: не собрано
B5: D:L — отправка, ₽; M — минимум, ₽; N:AF — эффективная стоимость, ₽/кг.
B6: AH:BK — структура объёмных тарифов; эти данные приложением не собираются.

Sheet МТК авто
A1: МТК авто | C1: Назначение | D1: 0-1кг | E1: 1-3кг | F1: 3-5кг | G1: 5-10кг | H1: 10-15кг | I1: 15-20кг | J1: 20-35кг | K1: 35-40кг | L1: 40-50кг | M1: МИН | N1: до 100 | O1: до 200 | P1: до 250 | Q1: до 300 | R1: до 400 | S1: до 500 | T1: до 600 | U1: до 700 | V1: до 750 | W1: до 800 | X1: до 1000 | Y1: до 1200 | Z1: до 1500 | AA1: до 2000 | AB1: до 2500 | AC1: до 3000 | AD1: до 5000 | AE1: до 10000 | AF1: до 20000 | AH1: 0,2-0,4 | AI1: 0,4-0,6 | AJ1: 0,6-0,8 | AK1: 0,8-1,1 | AL1: 1,1-1,2 | AM1: 1,2-1,3 | AN1: 1,3-1,5 | AO1: 1,5-1,8 | AP1: 1,8-2 | AQ1: 2-2,3 | AR1: 2,3-2,5 | AS1: 2,5-3 | AT1: 3-3,2 | AU1: 3,2-3,6 | AV1: 3,6-4 | AW1: 4--5 | AX1: 5-5,5 | AY1: 5,5-5,8 | AZ1: 5,8-6 | BA1: 6--7 | BB1: 7-7,5 | BC1: 7,5-8 | BD1: 8--10 | BE1: 10--12 | BF1: 12--15 | BG1: 15--20 | BH1: 20--25 | BI1: 25--40 | BJ1: 40--45 | BK1: 40--80
A2: 1 | B2: Москва | C2: Санкт-Петербург | D2: нет данных | E2: нет данных | F2: нет данных | G2: нет данных | H2: нет данных | I2: нет данных | J2: нет данных | K2: нет данных | L2: нет данных | M2: нет данных | N2: нет данных | O2: нет данных | P2: нет данных | Q2: нет данных | R2: нет данных | S2: нет данных | T2: нет данных | U2: нет данных | V2: нет данных | W2: нет данных | X2: нет данных | Y2: нет данных | Z2: нет данных | AA2: нет данных | AB2: нет данных | AC2: нет данных | AD2: нет данных | AE2: нет данных | AF2: нет данных | AH2: не собрано | AI2: не собрано | AJ2: не собрано | AK2: не собрано | AL2: не собрано | AM2: не собрано | AN2: не собрано | AO2: не собрано | AP2: не собрано | AQ2: не собрано | AR2: не собрано | AS2: не собрано | AT2: не собрано | AU2: не собрано | AV2: не собрано | AW2: не собрано | AX2: не собрано | AY2: не собрано | AZ2: не собрано | BA2: не собрано | BB2: не собрано | BC2: не собрано | BD2: не собрано | BE2: не собрано | BF2: не собрано | BG2: не собрано | BH2: не собрано | BI2: не собрано | BJ2: не собрано | BK2: не собрано
B5: D:L — отправка, ₽; M — минимум, ₽; N:AF — эффективная стоимость, ₽/кг.
B6: AH:BK — структура объёмных тарифов; эти данные приложением не собираются.

Sheet МТК жд
A1: МТК жд | C1: Назначение | D1: 0-1кг | E1: 1-3кг | F1: 3-5кг | G1: 5-10кг | H1: 10-15кг | I1: 15-20кг | J1: 20-35кг | K1: 35-40кг | L1: 40-50кг | M1: МИН | N1: до 100 | O1: до 200 | P1: до 250 | Q1: до 300 | R1: до 400 | S1: до 500 | T1: до 600 | U1: до 700 | V1: до 750 | W1: до 800 | X1: до 1000 | Y1: до 1200 | Z1: до 1500 | AA1: до 2000 | AB1: до 2500 | AC1: до 3000 | AD1: до 5000 | AE1: до 10000 | AF1: до 20000 | AH1: 0,2-0,4 | AI1: 0,4-0,6 | AJ1: 0,6-0,8 | AK1: 0,8-1,1 | AL1: 1,1-1,2 | AM1: 1,2-1,3 | AN1: 1,3-1,5 | AO1: 1,5-1,8 | AP1: 1,8-2 | AQ1: 2-2,3 | AR1: 2,3-2,5 | AS1: 2,5-3 | AT1: 3-3,2 | AU1: 3,2-3,6 | AV1: 3,6-4 | AW1: 4--5 | AX1: 5-5,5 | AY1: 5,5-5,8 | AZ1: 5,8-6 | BA1: 6--7 | BB1: 7-7,5 | BC1: 7,5-8 | BD1: 8--10 | BE1: 10--12 | BF1: 12--15 | BG1: 15--20 | BH1: 20--25 | BI1: 25--40 | BJ1: 40--45 | BK1: 40--80
A2: 1 | B2: Москва | C2: Санкт-Петербург | D2: нет данных | E2: нет данных | F2: нет данных | G2: нет данных | H2: нет данных | I2: нет данных | J2: нет данных | K2: нет данных | L2: нет данных | M2: нет данных | N2: нет данных | O2: нет данных | P2: нет данных | Q2: нет данных | R2: нет данных | S2: нет данных | T2: нет данных | U2: нет данных | V2: нет данных | W2: нет данных | X2: нет данных | Y2: нет данных | Z2: нет данных | AA2: нет данных | AB2: нет данных | AC2: нет данных | AD2: нет данных | AE2: нет данных | AF2: нет данных | AH2: не собрано | AI2: не собрано | AJ2: не собрано | AK2: не собрано | AL2: не собрано | AM2: не собрано | AN2: не собрано | AO2: не собрано | AP2: не собрано | AQ2: не собрано | AR2: не собрано | AS2: не собрано | AT2: не собрано | AU2: не собрано | AV2: не собрано | AW2: не собрано | AX2: не собрано | AY2: не собрано | AZ2: не собрано | BA2: не собрано | BB2: не собрано | BC2: не собрано | BD2: не собрано | BE2: не собрано | BF2: не собрано | BG2: не собрано | BH2: не собрано | BI2: не собрано | BJ2: не собрано | BK2: не собрано
B5: D:L — отправка, ₽; M — минимум, ₽; N:AF — эффективная стоимость, ₽/кг.
B6: AH:BK — структура объёмных тарифов; эти данные приложением не собираются.

Sheet Байкал Сервис
A1: Байкал Сервис | C1: Назначение | D1: 0-1кг | E1: 1-3кг | F1: 3-5кг | G1: 5-10кг | H1: 10-15кг | I1: 15-20кг | J1: 20-35кг | K1: 35-40кг | L1: 40-50кг | M1: МИН | N1: до 100 | O1: до 200 | P1: до 250 | Q1: до 300 | R1: до 400 | S1: до 500 | T1: до 600 | U1: до 700 | V1: до 750 | W1: до 800 | X1: до 1000 | Y1: до 1200 | Z1: до 1500 | AA1: до 2000 | AB1: до 2500 | AC1: до 3000 | AD1: до 5000 | AE1: до 10000 | AF1: до 20000 | AH1: 0,2-0,4 | AI1: 0,4-0,6 | AJ1: 0,6-0,8 | AK1: 0,8-1,1 | AL1: 1,1-1,2 | AM1: 1,2-1,3 | AN1: 1,3-1,5 | AO1: 1,5-1,8 | AP1: 1,8-2 | AQ1: 2-2,3 | AR1: 2,3-2,5 | AS1: 2,5-3 | AT1: 3-3,2 | AU1: 3,2-3,6 | AV1: 3,6-4 | AW1: 4--5 | AX1: 5-5,5 | AY1: 5,5-5,8 | AZ1: 5,8-6 | BA1: 6--7 | BB1: 7-7,5 | BC1: 7,5-8 | BD1: 8--10 | BE1: 10--12 | BF1: 12--15 | BG1: 15--20 | BH1: 20--25 | BI1: 25--40 | BJ1: 40--45 | BK1: 40--80
A2: 1 | B2: Москва | C2: Санкт-Петербург | D2: нет данных | E2: нет данных | F2: нет данных | G2: нет данных | H2: нет данных | I2: нет данных | J2: нет данных | K2: нет данных | L2: нет данных | M2: 564 | N2: нет данных | O2: нет данных | P2: нет данных | Q2: нет данных | R2: нет данных | S2: нет данных | T2: нет данных | U2: нет данных | V2: нет данных | W2: нет данных | X2: нет данных | Y2: нет данных | Z2: нет данных | AA2: нет данных | AB2: нет данных | AC2: нет данных | AD2: нет данных | AE2: нет данных | AF2: нет данных | AH2: не собрано | AI2: не собрано | AJ2: не собрано | AK2: не собрано | AL2: не собрано | AM2: не собрано | AN2: не собрано | AO2: не собрано | AP2: не собрано | AQ2: не собрано | AR2: не собрано | AS2: не собрано | AT2: не собрано | AU2: не собрано | AV2: не собрано | AW2: не собрано | AX2: не собрано | AY2: не собрано | AZ2: не собрано | BA2: не собрано | BB2: не собрано | BC2: не собрано | BD2: не собрано | BE2: не собрано | BF2: не собрано | BG2: не собрано | BH2: не собрано | BI2: не собрано | BJ2: не собрано | BK2: не собрано
B5: D:L — отправка, ₽; M — минимум, ₽; N:AF — эффективная стоимость, ₽/кг.
B6: AH:BK — структура объёмных тарифов; эти данные приложением не собираются.

Sheet Источники
A1: Компания | B1: Откуда | C1: Куда | D1: Диапазон | E1: Стоимость отправки, ₽ | F1: Статус | G1: Получено | H1: Официальный URL | I1: Расчёт | J1: Файл пользователя | K1: Дата документа | L1: SHA256 | M1: Страница / строка | N1: Причина отсутствия / ошибка
A2: Werner | B2: Москва | C2: Санкт-Петербург | D2: 0–1 кг, МИН | F2: Проверено при сборе | G2: 2026-09-14T16:09:06-07:00 | H2: https://wernerus.ru/api/calc/?method=api_calc&responseFormat=json&depPoint=35&arrPoint=36&cargoMest%5B1%5D=1&cargoKg%5B1%5D=1&cargoL%5B1%5D=0.2154&cargoW%5B1%5D=0.2154&cargoH%5B1%5D=0.2154&cargoCalculation%5B1%5D=1 | I2: Расчёт калькулятора: 1 кг, 0.005 м³, терминал → терминал
A3: ДЛ | B3: Москва | C3: Санкт-Петербург | D3: 0–1 кг, 1–3 кг, 3–5 кг, 5–10 кг, 10–15 кг, 15–20 кг, 20–35 кг, 35–40 кг, 40–50 кг, МИН, до 100 кг, до 200 кг, до 250 кг, до 300 кг, до 400 кг, до 500 кг, до 600 кг, до 700 кг, до 750 кг, до 800 кг, до 1000 кг, до 1200 кг, до 1500 кг, до 2000 кг, до 2500 кг, до 3000 кг, до 5000 кг, до 10000 кг, до 20000 кг | F3: Нет данных | G3: 2026-09-14T16:08:53-07:00 | I3: Опубликованный тариф по весу; объём и дополнительные услуги не включены | N3: ДЛ: RuntimeError: Прайс: HTTP 401: www.dellin.ru. Калькулятор: HTTP 401: www.dellin.ru. Можно загрузить PDF/Excel перевозчика кнопкой «Загрузить прайс».
A4: ПЭК | B4: Москва | C4: Санкт-Петербург | D4: 0–1 кг, 1–3 кг, 3–5 кг, 5–10 кг, 10–15 кг, 15–20 кг, 20–35 кг, 35–40 кг, 40–50 кг, МИН, до 100 кг, до 200 кг, до 250 кг, до 300 кг, до 400 кг, до 500 кг, до 600 кг, до 700 кг, до 750 кг, до 800 кг, до 1000 кг, до 1200 кг, до 1500 кг, до 2000 кг, до 2500 кг, до 3000 кг, до 5000 кг, до 10000 кг, до 20000 кг | F4: Нет данных | G4: 2026-09-14T16:10:34-07:00 | I4: Опубликованный тариф по весу; объём и дополнительные услуги не включены | N4: ПЭК: RuntimeError: Failed to perform, curl: (7) CONNECT tunnel failed, response 403. See https://curl.se/libcurl/c/libcurl-errors.html first for more details.
A5: КИТ | B5: Москва | C5: Санкт-Петербург | D5: 0–1 кг, 1–3 кг, 3–5 кг, 5–10 кг, 10–15 кг, 15–20 кг, 20–35 кг, 35–40 кг, 40–50 кг, МИН, до 100 кг, до 200 кг, до 250 кг, до 300 кг, до 400 кг, до 500 кг, до 600 кг, до 700 кг, до 750 кг, до 800 кг, до 1000 кг, до 1200 кг, до 1500 кг, до 2000 кг, до 2500 кг, до 3000 кг, до 5000 кг, до 10000 кг, до 20000 кг | F5: Проверено при сборе | G5: 2026-09-14T16:05:18-07:00 | H5: https://tk-kit.ru/rates-new/get-pdf-new?id=none&name=%D0%A2%D0%B0%D1%80%D0%B8%D1%84%D1%8B%20%D0%B8%D0%B7%20%D0%B3%D0%BE%D1%80.%20%D0%9C%D0%BE%D1%81%D0%BA%D0%B2%D0%B0&transport_out_code=0000007700&transport_in_code=&currency=RUB&typeF=1 | I5: Опубликованный тариф по весу; объём и дополнительные услуги не включены | L5: 7464451ae5b046d040ffc785c1a12ff8369bfbac86193324bcc6fa5ff53cbc16
A6: Возовоз | B6: Москва | C6: Санкт-Петербург | D6: 0–1 кг, 1–3 кг, 3–5 кг, 5–10 кг, 10–15 кг, 15–20 кг, 20–35 кг, 35–40 кг, 40–50 кг, до 100 кг, до 200 кг, до 250 кг, до 300 кг, до 400 кг, до 500 кг, до 600 кг, до 700 кг, до 750 кг, до 800 кг, до 1000 кг, до 1200 кг, до 1500 кг, до 2000 кг, до 2500 кг, до 3000 кг, до 5000 кг, до 10000 кг, до 20000 кг | F6: Нет данных | G6: 2026-09-14T16:09:12-07:00 | I6: Опубликованный тариф по весу; объём и дополнительные услуги не включены | N6: Не все веса загружены: Источник публикует только цену «от». Точная весовая сетка недоступна.
A7: Мейджик | B7: Москва | C7: Санкт-Петербург | D7: 0–1 кг, 1–3 кг, 3–5 кг, 5–10 кг, 10–15 кг, 15–20 кг, 20–35 кг, 35–40 кг, 40–50 кг, МИН, до 100 кг, до 200 кг, до 250 кг, до 300 кг, до 400 кг, до 500 кг, до 600 кг, до 700 кг, до 750 кг, до 800 кг, до 1000 кг, до 1200 кг, до 1500 кг, до 2000 кг, до 2500 кг, до 3000 кг, до 5000 кг, до 10000 кг, до 20000 кг | F7: Проверено при сборе | G7: 2026-09-14T16:04:33-07:00 | H7: https://magic-trans.ru/include/mt-cost-traffic.php?cityFrom=%D0%9C%D0%BE%D1%81%D0%BA%D0%B2%D0%B0&cityTo=%D0%A1%D0%B0%D0%BD%D0%BA%D1%82-%D0%9F%D0%B5%D1%82%D0%B5%D1%80%D0%B1%D1%83%D1%80%D0%B3 | I7: Опубликованный тариф по весу; объём и дополнительные услуги не включены | L7: b4d3e39797fc97e5158a664c3bf5bf2b70d7df6d22594db3eb6e019d0822c167
A8: Байкал Сервис | B8: Москва | C8: Санкт-Петербург | D8: 0–1 кг, 1–3 кг, 3–5 кг, 5–10 кг, 10–15 кг, 15–20 кг, 20–35 кг, 35–40 кг, 40–50 кг, до 100 кг, до 200 кг, до 250 кг, до 300 кг, до 400 кг, до 500 кг, до 600 кг, до 700 кг, до 750 кг, до 800 кг, до 1000 кг, до 1200 кг, до 1500 кг, до 2000 кг, до 2500 кг, до 3000 кг, до 5000 кг, до 10000 кг, до 20000 кг | F8: Нет данных | G8: 2026-09-14T16:08:47-07:00 | I8: Опубликованный тариф по весу; объём и дополнительные услуги не включены | N8: Не все веса загружены: Источник публикует только цену «от». Точная весовая сетка недоступна.
A9: Главтрасса | B9: Москва | C9: Санкт-Петербург | D9: 0–1 кг, МИН | F9: Проверено при сборе | G9: 2026-09-14T16:04:43-07:00 | H9: https://glavtrassa.ru/api/calc/?method=api_calc&responseFormat=json&depPoint=35&arrPoint=36&cargoMest%5B1%5D=1&cargoKg%5B1%5D=1&cargoL%5B1%5D=0.2154&cargoW%5B1%5D=0.2154&cargoH%5B1%5D=0.2154&cargoCalculation%5B1%5D=1 | I9: Расчёт калькулятора: 1 кг, 0.005 м³, терминал → терминал
A10: Пролайн | B10: Москва | C10: Санкт-Петербург | D10: 0–1 кг, МИН | F10: Проверено при сборе | G10: 2026-09-14T16:04:37-07:00 | H10: https://proline.su/dostavka/sbp-msk/ | I10: Калькулятор: 1 кг, 0 м³, 1 место, терминал → терминал; без дополнительных услуг | L10: 6dce2ccfb7b2f1c17ff731e200c7ad549d347df40df94a73a67bb8c52375a366
A11: Фортуна | B11: Москва | C11: Санкт-Петербург | D11: 0–1 кг, 1–3 кг, 3–5 кг, 5–10 кг, 10–15 кг, 15–20 кг, 20–35 кг, 35–40 кг, 40–50 кг, МИН, до 100 кг, до 200 кг, до 250 кг, до 300 кг, до 400 кг, до 500 кг, до 600 кг, до 700 кг, до 750 кг, до 800 кг, до 1000 кг, до 1200 кг, до 1500 кг, до 2000 кг, до 2500 кг, до 3000 кг, до 5000 кг, до 10000 кг, до 20000 кг | F11: Проверено при сборе | G11: 2026-09-14T16:05:53-07:00 | H11: https://fte.ru/upload/price_100926.xlsx | I11: Опубликованный тариф по весу; объём и дополнительные услуги не включены | L11: 815fd3ee2e53c124849fae486a07754f213d9677309f0bc466abcb2fdc22fe5c
A12: ФастТранс | B12: Москва | C12: Санкт-Петербург | D12: 0–1 кг, 1–3 кг, 3–5 кг, 5–10 кг, 10–15 кг, 15–20 кг, 20–35 кг, 35–40 кг, 40–50 кг, МИН, до 100 кг, до 200 кг, до 250 кг, до 300 кг, до 400 кг, до 500 кг, до 600 кг, до 700 кг, до 750 кг, до 800 кг, до 1000 кг, до 1200 кг, до 1500 кг, до 2000 кг, до 2500 кг, до 3000 кг, до 5000 кг, до 10000 кг, до 20000 кг | F12: Проверено при сборе | G12: 2026-09-14T16:04:41-07:00 | H12: https://fastrans.ru/city/moscow_saint-petersburg/ | I12: Опубликованный тариф по весу; объём и дополнительные услуги не включены | L12: 26af8ded67e8833a8aa88fa66b3b1820f2863a392e4cb44fc398a5ae86cd9b76
A13: Рейл Континент | B13: Москва | C13: Санкт-Петербург | D13: 0–1 кг, 1–3 кг, 3–5 кг, 5–10 кг, 10–15 кг, 15–20 кг, 20–35 кг, 35–40 кг, 40–50 кг, МИН, до 100 кг, до 200 кг, до 250 кг, до 300 кг, до 400 кг, до 500 кг, до 600 кг, до 700 кг, до 750 кг, до 800 кг, до 1000 кг, до 1200 кг, до 1500 кг, до 2000 кг, до 2500 кг, до 3000 кг, до 5000 кг, до 10000 кг, до 20000 кг | F13: Проверено при сборе | G13: 2026-09-14T16:04:57-07:00 | H13: https://www.railcontinent.ru/upload/xls/calc/2026-09-15/moskva.xlsx | I13: Опубликованный тариф по весу; объём и дополнительные услуги не включены | L13: 9a2b712323021dbbde3847ae40d588187afb94bb977abcbbe3215eb709f376da
A14: АТЭК | B14: Москва | C14: Санкт-Петербург | D14: 0–1 кг, 1–3 кг, 3–5 кг, 5–10 кг, 10–15 кг, 15–20 кг, 20–35 кг, 35–40 кг, 40–50 кг, МИН, до 100 кг, до 200 кг, до 250 кг, до 300 кг, до 400 кг, до 500 кг, до 600 кг, до 700 кг, до 750 кг, до 800 кг, до 1000 кг, до 1200 кг, до 1500 кг, до 2000 кг, до 2500 кг, до 3000 кг, до 5000 кг, до 10000 кг, до 20000 кг | F14: Проверено при сборе | G14: 2026-09-14T16:04:48-07:00 | H14: https://old.atec-logistic.ru/service-new/gruzoperevozki-iz-spb-v-msk/ | I14: Опубликованный тариф по весу; объём и дополнительные услуги не включены | L14: 695d48308721c7bd4b8003d07f387bb68f250715d2719ac210eda9924edf2c34
A15: Новая Линия | B15: Москва | C15: Санкт-Петербург | D15: 0–1 кг, 1–3 кг, 3–5 кг, 5–10 кг, 10–15 кг, 15–20 кг, 20–35 кг, 35–40 кг, 40–50 кг, МИН, до 100 кг, до 200 кг, до 250 кг, до 300 кг, до 400 кг, до 500 кг, до 600 кг, до 700 кг, до 750 кг, до 800 кг, до 1000 кг, до 1200 кг, до 1500 кг, до 2000 кг, до 2500 кг, до 3000 кг, до 5000 кг | F15: Проверено при сборе | G15: 2026-09-14T16:09:16-07:00 | H15: https://tknl.ru/price/dev.php?AJAX=N&RESULT=Y&PDF=Y&SERVICE=DELIVERY&FROM=24727&TO%5B%5D=ALL | I15: Опубликованный тариф по весу; объём и дополнительные услуги не включены | L15: be6632edf7b43557f69bee5c5cf2a5bef3fc71bede65f47b1f2b62fd280c6b3b
A16: БСК | B16: Москва | C16: Санкт-Петербург | D16: 0–1 кг, 1–3 кг, 3–5 кг, 5–10 кг, 10–15 кг, 15–20 кг, 20–35 кг, 35–40 кг, 40–50 кг, МИН, до 100 кг, до 200 кг, до 250 кг, до 300 кг, до 400 кг, до 500 кг, до 600 кг, до 700 кг, до 750 кг, до 800 кг, до 1000 кг, до 1200 кг, до 1500 кг, до 2000 кг, до 2500 кг, до 3000 кг, до 5000 кг, до 10000 кг, до 20000 кг | F16: Проверено при сборе | G16: 2026-09-14T16:05:05-07:00 | H16: https://123789.ru/terminals-addresses/moskva | I16: Опубликованный тариф по весу; объём и дополнительные услуги не включены | L16: 8f01e22b0680c96ee2abb9cf8e70d832ead10bfd6ac6c37805853acc4e9fcee8
A17: ЭкспедицияПлюс | B17: Москва | C17: Санкт-Петербург | D17: 0–1 кг, 1–3 кг, 3–5 кг, 5–10 кг, 10–15 кг, 15–20 кг, 20–35 кг, 35–40 кг, 40–50 кг, МИН, до 100 кг, до 200 кг, до 250 кг, до 300 кг, до 400 кг, до 500 кг, до 600 кг, до 700 кг, до 750 кг, до 800 кг, до 1000 кг, до 1200 кг, до 1500 кг, до 2000 кг, до 2500 кг, до 3000 кг, до 5000 кг, до 10000 кг, до 20000 кг | F17: Проверено при сборе | G17: 2026-09-14T16:05:06-07:00 | H17: https://nevatk.ru/upload/iblock/fc3/fc3828038a646cb600bd6d1637b12d71.xlsx | I17: Опубликованный тариф по весу; объём и дополнительные услуги не включены | L17: 2d54aa48aa803a2bdab1f2b2e61d9de38d3792e24601c4661823e262cc0168cd
A18: CTSgroup | B18: Москва | C18: Санкт-Петербург | D18: 0–1 кг, 1–3 кг, 3–5 кг, 5–10 кг, 10–15 кг, 15–20 кг, 20–35 кг, 35–40 кг, 40–50 кг, МИН, до 100 кг, до 200 кг, до 250 кг, до 300 кг, до 400 кг, до 500 кг, до 600 кг, до 700 кг, до 750 кг, до 800 кг, до 1000 кг, до 1200 кг, до 1500 кг, до 2000 кг, до 2500 кг, до 3000 кг, до 5000 кг, до 10000 кг, до 20000 кг | F18: Проверено при сборе | G18: 2026-09-14T16:05:05-07:00 | H18: https://cts-group.ru/prices | I18: Опубликованный тариф по весу; объём и дополнительные услуги не включены | L18: 1c39147930a6305193818d38b2f0fecf56c0af6c0a862c7359014468db20e4ab
A19: Грузопоток | B19: Москва | C19: Санкт-Петербург | D19: 0–1 кг, 1–3 кг, 3–5 кг, 5–10 кг, 10–15 кг, 15–20 кг, 20–35 кг, 35–40 кг, 40–50 кг, МИН, до 100 кг, до 200 кг, до 250 кг, до 300 кг, до 400 кг, до 500 кг, до 600 кг, до 700 кг, до 750 кг, до 800 кг, до 1000 кг, до 1200 кг, до 1500 кг, до 2000 кг, до 2500 кг, до 3000 кг, до 5000 кг, до 10000 кг, до 20000 кг | F19: Нет данных | G19: 2026-09-14T16:05:13-07:00 | I19: Опубликованный тариф по весу; объём и дополнительные услуги не включены | N19: Грузопоток: RuntimeError: Нет опубликованного тарифа для выбранного маршрута: Грузопоток: автоматический весовой прайс не подтверждён. На странице заказчика стоимость предлагается запросить у менеджера. Загрузите полученный документ через «Загрузить прайс».
A20: Werner | B20: Москва | C20: Санкт-Петербург | D20: 1–3 кг | E20: 246 | F20: Проверено при сборе | G20: 2026-09-14T16:09:06-07:00 | H20: https://wernerus.ru/api/calc/?method=api_calc&responseFormat=json&depPoint=35&arrPoint=36&cargoMest%5B1%5D=1&cargoKg%5B1%5D=3&cargoL%5B1%5D=0.2466&cargoW%5B1%5D=0.2466&cargoH%5B1%5D=0.2466&cargoCalculation%5B1%5D=1 | I20: Расчёт калькулятора: 3 кг, 0.015 м³, терминал → терминал
A21: Главтрасса | B21: Москва | C21: Санкт-Петербург | D21: 1–3 кг | E21: 390 | F21: Проверено при сборе | G21: 2026-09-14T16:04:43-07:00 | H21: https://glavtrassa.ru/api/calc/?method=api_calc&responseFormat=json&depPoint=35&arrPoint=36&cargoMest%5B1%5D=1&cargoKg%5B1%5D=3&cargoL%5B1%5D=0.2466&cargoW%5B1%5D=0.2466&cargoH%5B1%5D=0.2466&cargoCalculation%5B1%5D=1 | I21: Расчёт калькулятора: 3 кг, 0.015 м³, терминал → терминал
A22: Пролайн | B22: Москва | C22: Санкт-Петербург | D22: 1–3 кг | E22: 550 | F22: Проверено при сборе | G22: 2026-09-14T16:04:37-07:00 | H22: https://proline.su/dostavka/sbp-msk/ | I22: Калькулятор: 3 кг, 0 м³, 1 место, терминал → терминал; без дополнительных услуг | L22: 6dce2ccfb7b2f1c17ff731e200c7ad549d347df40df94a73a67bb8c52375a366
A23: Werner | B23: Москва | C23: Санкт-Петербург | D23: 3–5 кг | E23: 246 | F23: Проверено при сборе | G23: 2026-09-14T16:09:06-07:00 | H23: https://wernerus.ru/api/calc/?method=api_calc&responseFormat=json&depPoint=35&arrPoint=36&cargoMest%5B1%5D=1&cargoKg%5B1%5D=5&cargoL%5B1%5D=0.2924&cargoW%5B1%5D=0.2924&cargoH%5B1%5D=0.2924&cargoCalculation%5B1%5D=1 | I23: Расчёт калькулятора: 5 кг, 0.025 м³, терминал → терминал
A24: Главтрасса | B24: Москва | C24: Санкт-Петербург | D24: 3–5 кг | E24: 390 | F24: Проверено при сборе | G24: 2026-09-14T16:04:51-07:00 | H24: https://glavtrassa.ru/api/calc/?method=api_calc&responseFormat=json&depPoint=35&arrPoint=36&cargoMest%5B1%5D=1&cargoKg%5B1%5D=5&cargoL%5B1%5D=0.2924&cargoW%5B1%5D=0.2924&cargoH%5B1%5D=0.2924&cargoCalculation%5B1%5D=1 | I24: Расчёт калькулятора: 5 кг, 0.025 м³, терминал → терминал
A25: Пролайн | B25: Москва | C25: Санкт-Петербург | D25: 3–5 кг | E25: 550 | F25: Проверено при сборе | G25: 2026-09-14T16:04:37-07:00 | H25: https://proline.su/dostavka/sbp-msk/ | I25: Калькулятор: 5 кг, 0 м³, 1 место, терминал → терминал; без дополнительных услуг | L25: 6dce2ccfb7b2f1c17ff731e200c7ad549d347df40df94a73a67bb8c52375a366
A26: Werner | B26: Москва | C26: Санкт-Петербург | D26: 5–10 кг | E26: 453 | F26: Проверено при сборе | G26: 2026-09-14T16:09:06-07:00 | H26: https://wernerus.ru/api/calc/?method=api_calc&responseFormat=json&depPoint=35&arrPoint=36&cargoMest%5B1%5D=1&cargoKg%5B1%5D=10&cargoL%5B1%5D=0.3684&cargoW%5B1%5D=0.3684&cargoH%5B1%5D=0.3684&cargoCalculation%5B1%5D=1 | I26: Расчёт калькулятора: 10 кг, 0.05 м³, терминал → терминал
A27: Главтрасса | B27: Москва | C27: Санкт-Петербург | D27: 5–10 кг | E27: 400 | F27: Проверено при сборе | G27: 2026-09-14T16:04:51-07:00 | H27: https://glavtrassa.ru/api/calc/?method=api_calc&responseFormat=json&depPoint=35&arrPoint=36&cargoMest%5B1%5D=1&cargoKg%5B1%5D=10&cargoL%5B1%5D=0.3684&cargoW%5B1%5D=0.3684&cargoH%5B1%5D=0.3684&cargoCalculation%5B1%5D=1 | I27: Расчёт калькулятора: 10 кг, 0.05 м³, терминал → терминал
A28: Пролайн | B28: Москва | C28: Санкт-Петербург | D28: 5–10 кг | E28: 550 | F28: Проверено при сборе | G28: 2026-09-14T16:04:37-07:00 | H28: https://proline.su/dostavka/sbp-msk/ | I28: Калькулятор: 10 кг, 0 м³, 1 место, терминал → терминал; без дополнительных услуг | L28: 6dce2ccfb7b2f1c17ff731e200c7ad549d347df40df94a73a67bb8c52375a366
A29: Werner | B29: Москва | C29: Санкт-Петербург | D29: 10–15 кг | E29: 453 | F29: Проверено при сборе | G29: 2026-09-14T16:09:07-07:00 | H29: https://wernerus.ru/api/calc/?method=api_calc&responseFormat=json&depPoint=35&arrPoint=36&cargoMest%5B1%5D=1&cargoKg%5B1%5D=15&cargoL%5B1%5D=0.4217&cargoW%5B1%5D=0.4217&cargoH%5B1%5D=0.4217&cargoCalculation%5B1%5D=1 | I29: Расчёт калькулятора: 15 кг, 0.075 м³, терминал → терминал
A30: Главтрасса | B30: Москва | C30: Санкт-Петербург | D30: 10–15 кг | E30: 400 | F30: Проверено при сборе | G30: 2026-09-14T16:04:51-07:00 | H30: https://glavtrassa.ru/api/calc/?method=api_calc&responseFormat=json&depPoint=35&arrPoint=36&cargoMest%5B1%5D=1&cargoKg%5B1%5D=15&cargoL%5B1%5D=0.4217&cargoW%5B1%5D=0.4217&cargoH%5B1%5D=0.4217&cargoCalculation%5B1%5D=1 | I30: Расчёт калькулятора: 15 кг, 0.075 м³, терминал → терминал
A31: Пролайн | B31: Москва | C31: Санкт-Петербург | D31: 10–15 кг | E31: 550 | F31: Проверено при сборе | G31: 2026-09-14T16:04:37-07:00 | H31: https://proline.su/dostavka/sbp-msk/ | I31: Калькулятор: 15 кг, 0 м³, 1 место, терминал → терминал; без дополнительных услуг | L31: 6dce2ccfb7b2f1c17ff731e200c7ad549d347df40df94a73a67bb8c52375a366
A32: Werner | B32: Москва | C32: Санкт-Петербург | D32: 15–20 кг | E32: 453 | F32: Проверено при сборе | G32: 2026-09-14T16:09:07-07:00 | H32: https://wernerus.ru/api/calc/?method=api_calc&responseFormat=json&depPoint=35&arrPoint=36&cargoMest%5B1%5D=1&cargoKg%5B1%5D=20&cargoL%5B1%5D=0.4642&cargoW%5B1%5D=0.4642&cargoH%5B1%5D=0.4642&cargoCalculation%5B1%5D=1 | I32: Расчёт калькулятора: 20 кг, 0.1 м³, терминал → терминал
A33: Главтрасса | B33: Москва | C33: Санкт-Петербург | D33: 15–20 кг | E33: 400 | F33: Проверено при сборе | G33: 2026-09-14T16:04:51-07:00 | H33: https://glavtrassa.ru/api/calc/?method=api_calc&responseFormat=json&depPoint=35&arrPoint=36&cargoMest%5B1%5D=1&cargoKg%5B1%5D=20&cargoL%5B1%5D=0.4642&cargoW%5B1%5D=0.4642&cargoH%5B1%5D=0.4642&cargoCalculation%5B1%5D=1 | I33: Расчёт калькулятора: 20 кг, 0.1 м³, терминал → терминал
A34: Пролайн | B34: Москва | C34: Санкт-Петербург | D34: 15–20 кг | E34: 550 | F34: Проверено при сборе | G34: 2026-09-14T16:04:37-07:00 | H34: https://proline.su/dostavka/sbp-msk/ | I34: Калькулятор: 20 кг, 0 м³, 1 место, терминал → терминал; без дополнительных услуг | L34: 6dce2ccfb7b2f1c17ff731e200c7ad549d347df40df94a73a67bb8c52375a366
A35: Werner | B35: Москва | C35: Санкт-Петербург | D35: 20–35 кг | E35: 510 | F35: Проверено при сборе | G35: 2026-09-14T16:09:07-07:00 | H35: https://wernerus.ru/api/calc/?method=api_calc&responseFormat=json&depPoint=35&arrPoint=36&cargoMest%5B1%5D=1&cargoKg%5B1%5D=35&cargoL%5B1%5D=0.5593&cargoW%5B1%5D=0.5593&cargoH%5B1%5D=0.5593&cargoCalculation%5B1%5D=1 | I35: Расчёт калькулятора: 35 кг, 0.175 м³, терминал → терминал
A36: Главтрасса | B36: Москва | C36: Санкт-Петербург | D36: 20–35 кг | E36: 456 | F36: Проверено при сборе | G36: 2026-09-14T16:04:52-07:00 | H36: https://glavtrassa.ru/api/calc/?method=api_calc&responseFormat=json&depPoint=35&arrPoint=36&cargoMest%5B1%5D=1&cargoKg%5B1%5D=35&cargoL%5B1%5D=0.5593&cargoW%5B1%5D=0.5593&cargoH%5B1%5D=0.5593&cargoCalculation%5B1%5D=1 | I36: Расчёт калькулятора: 35 кг, 0.175 м³, терминал → терминал
A37: Пролайн | B37: Москва | C37: Санкт-Петербург | D37: 20–35 кг | E37: 550 | F37: Проверено при сборе | G37: 2026-09-14T16:04:37-07:00 | H37: https://proline.su/dostavka/sbp-msk/ | I37: Калькулятор: 35 кг, 0 м³, 1 место, терминал → терминал; без дополнительных услуг | L37: 6dce2ccfb7b2f1c17ff731e200c7ad549d347df40df94a73a67bb8c52375a366
A38: Werner | B38: Москва | C38: Санкт-Петербург | D38: 35–40 кг | E38: 570 | F38: Проверено при сборе | G38: 2026-09-14T16:09:07-07:00 | H38: https://wernerus.ru/api/calc/?method=api_calc&responseFormat=json&depPoint=35&arrPoint=36&cargoMest%5B1%5D=1&cargoKg%5B1%5D=40&cargoL%5B1%5D=0.5848&cargoW%5B1%5D=0.5848&cargoH%5B1%5D=0.5848&cargoCalculation%5B1%5D=1 | I38: Расчёт калькулятора: 40 кг, 0.2 м³, терминал → терминал
A39: Главтрасса | B39: Москва | C39: Санкт-Петербург | D39: 35–40 кг | E39: 550 | F39: Проверено при сборе | G39: 2026-09-14T16:04:52-07:00 | H39: https://glavtrassa.ru/api/calc/?method=api_calc&responseFormat=json&depPoint=35&arrPoint=36&cargoMest%5B1%5D=1&cargoKg%5B1%5D=40&cargoL%5B1%5D=0.5848&cargoW%5B1%5D=0.5848&cargoH%5B1%5D=0.5848&cargoCalculation%5B1%5D=1 | I39: Расчёт калькулятора: 40 кг, 0.2 м³, терминал → терминал
A40: Пролайн | B40: Москва | C40: Санкт-Петербург | D40: 35–40 кг | E40: 560 | F40: Проверено при сборе | G40: 2026-09-14T16:04:37-07:00 | H40: https://proline.su/dostavka/sbp-msk/ | I40: Калькулятор: 40 кг, 0 м³, 1 место, терминал → терминал; без дополнительных услуг | L40: 6dce2ccfb7b2f1c17ff731e200c7ad549d347df40df94a73a67bb8c52375a366
A41: Werner | B41: Москва | C41: Санкт-Петербург | D41: 40–50 кг | E41: 700 | F41: Проверено при сборе | G41: 2026-09-14T16:09:08-07:00 | H41: https://wernerus.ru/api/calc/?method=api_calc&responseFormat=json&depPoint=35&arrPoint=36&cargoMest%5B1%5D=1&cargoKg%5B1%5D=50&cargoL%5B1%5D=0.6300&cargoW%5B1%5D=0.6300&cargoH%5B1%5D=0.6300&cargoCalculation%5B1%5D=1 | I41: Расчёт калькулятора: 50 кг, 0.25 м³, терминал → терминал
A42: Главтрасса | B42: Москва | C42: Санкт-Петербург | D42: 40–50 кг | E42: 688 | F42: Проверено при сборе | G42: 2026-09-14T16:04:52-07:00 | H42: https://glavtrassa.ru/api/calc/?method=api_calc&responseFormat=json&depPoint=35&arrPoint=36&cargoMest%5B1%5D=1&cargoKg%5B1%5D=50&cargoL%5B1%5D=0.6300&cargoW%5B1%5D=0.6300&cargoH%5B1%5D=0.6300&cargoCalculation%5B1%5D=1 | I42: Расчёт калькулятора: 50 кг, 0.25 м³, терминал → терминал
A43: Пролайн | B43: Москва | C43: Санкт-Петербург | D43: 40–50 кг | E43: 700 | F43: Проверено при сборе | G43: 2026-09-14T16:04:37-07:00 | H43: https://proline.su/dostavka/sbp-msk/ | I43: Калькулятор: 50 кг, 0 м³, 1 место, терминал → терминал; без дополнительных услуг | L43: 6dce2ccfb7b2f1c17ff731e200c7ad549d347df40df94a73a67bb8c52375a366
A44: Возовоз | B44: Москва | C44: Санкт-Петербург | D44: МИН | E44: 1980 | F44: Проверено при сборе | G44: 2026-09-14T16:09:12-07:00 | H44: https://vozovoz.ru/order/create/moskva_sankt-peterburg/ | I44: Опубликованная цена «от» для направления; точная стоимость выбранного веса не подтверждена | N44: Не все веса загружены: Источник публикует только цену «от». Точная весовая сетка недоступна.
A45: Байкал Сервис | B45: Москва | C45: Санкт-Петербург | D45: МИН | E45: 564 | F45: Проверено при сборе | G45: 2026-09-14T16:08:47-07:00 | H45: https://www.baikalsr.ru/city/moscow__spb/ | I45: Опубликованная цена «от» для направления; точная стоимость выбранного веса не подтверждена | N45: Не все веса загружены: Источник публикует только цену «от». Точная весовая сетка недоступна.
A46: Werner | B46: Москва | C46: Санкт-Петербург | D46: до 100 кг | E46: 1400 | F46: Проверено при сборе | G46: 2026-09-14T16:08:52-07:00 | H46: https://wernerus.ru/api/calc/?method=api_calc&responseFormat=json&depPoint=35&arrPoint=36&cargoMest%5B1%5D=1&cargoKg%5B1%5D=100&cargoL%5B1%5D=0.7937&cargoW%5B1%5D=0.7937&cargoH%5B1%5D=0.7937&cargoCalculation%5B1%5D=1 | I46: Расчёт калькулятора: 100 кг, 0.5 м³, терминал → терминал
A47: Главтрасса | B47: Москва | C47: Санкт-Петербург | D47: до 100 кг | E47: 1375 | F47: Проверено при сборе | G47: 2026-09-14T16:04:25-07:00 | H47: https://glavtrassa.ru/api/calc/?method=api_calc&responseFormat=json&depPoint=35&arrPoint=36&cargoMest%5B1%5D=1&cargoKg%5B1%5D=100&cargoL%5B1%5D=0.7937&cargoW%5B1%5D=0.7937&cargoH%5B1%5D=0.7937&cargoCalculation%5B1%5D=1 | I47: Расчёт калькулятора: 100 кг, 0.5 м³, терминал → терминал
A48: Пролайн | B48: Москва | C48: Санкт-Петербург | D48: до 100 кг, до 200 кг, до 250 кг, до 300 кг, до 400 кг, до 500 кг, до 600 кг, до 700 кг, до 750 кг, до 800 кг, до 1000 кг, до 1200 кг, до 1500 кг, до 2000 кг, до 2500 кг, до 3000 кг, до 5000 кг, до 10000 кг, до 20000 кг | F48: Проверено при сборе | G48: 2026-09-14T16:04:25-07:00 | H48: https://proline.su/dostavka/sbp-msk/ | I48: Опубликованный тариф по весу; объём и дополнительные услуги не включены | L48: 12c54f1e4c5bf5ca08a28d8a43bfa75828c704ccda1d1aa1bdab89d43a995072
A49: Werner | B49: Москва | C49: Санкт-Петербург | D49: до 200 кг | E49: 2650 | F49: Проверено при сборе | G49: 2026-09-14T16:09:08-07:00 | H49: https://wernerus.ru/api/calc/?method=api_calc&responseFormat=json&depPoint=35&arrPoint=36&cargoMest%5B1%5D=1&cargoKg%5B1%5D=200&cargoL%5B1%5D=1.0000&cargoW%5B1%5D=1.0000&cargoH%5B1%5D=1.0000&cargoCalculation%5B1%5D=1 | I49: Расчёт калькулятора: 200 кг, 1 м³, терминал → терминал
A50: Главтрасса | B50: Москва | C50: Санкт-Петербург | D50: до 200 кг | E50: 2650 | F50: Проверено при сборе | G50: 2026-09-14T16:04:52-07:00 | H50: https://glavtrassa.ru/api/calc/?method=api_calc&responseFormat=json&depPoint=35&arrPoint=36&cargoMest%5B1%5D=1&cargoKg%5B1%5D=200&cargoL%5B1%5D=1.0000&cargoW%5B1%5D=1.0000&cargoH%5B1%5D=1.0000&cargoCalculation%5B1%5D=1 | I50: Расчёт калькулятора: 200 кг, 1 м³, терминал → терминал
A51: Werner | B51: Москва | C51: Санкт-Петербург | D51: до 250 кг | E51: 3287 | F51: Проверено при сборе | G51: 2026-09-14T16:09:08-07:00 | H51: https://wernerus.ru/api/calc/?method=api_calc&responseFormat=json&depPoint=35&arrPoint=36&cargoMest%5B1%5D=1&cargoKg%5B1%5D=250&cargoL%5B1%5D=1.0772&cargoW%5B1%5D=1.0772&cargoH%5B1%5D=1.0772&cargoCalculation%5B1%5D=1 | I51: Расчёт калькулятора: 250 кг, 1.25 м³, терминал → терминал
A52: Главтрасса | B52: Москва | C52: Санкт-Петербург | D52: до 250 кг | E52: 3312 | F52: Проверено при сборе | G52: 2026-09-14T16:04:53-07:00 | H52: https://glavtrassa.ru/api/calc/?method=api_calc&responseFormat=json&depPoint=35&arrPoint=36&cargoMest%5B1%5D=1&cargoKg%5B1%5D=250&cargoL%5B1%5D=1.0772&cargoW%5B1%5D=1.0772&cargoH%5B1%5D=1.0772&cargoCalculation%5B1%5D=1 | I52: Расчёт калькулятора: 250 кг, 1.25 м³, терминал → терминал
A53: Werner | B53: Москва | C53: Санкт-Петербург | D53: до 300 кг | E53: 3925 | F53: Проверено при сборе | G53: 2026-09-14T16:09:08-07:00 | H53: https://wernerus.ru/api/calc/?method=api_calc&responseFormat=json&depPoint=35&arrPoint=36&cargoMest%5B1%5D=1&cargoKg%5B1%5D=300&cargoL%5B1%5D=1.1447&cargoW%5B1%5D=1.1447&cargoH%5B1%5D=1.1447&cargoCalculation%5B1%5D=1 | I53: Расчёт калькулятора: 300 кг, 1.5 м³, терминал → терминал
A54: Главтрасса | B54: Москва | C54: Санкт-Петербург | D54: до 300 кг | E54: 3975 | F54: Проверено при сборе | G54: 2026-09-14T16:04:53-07:00 | H54: https://glavtrassa.ru/api/calc/?method=api_calc&responseFormat=json&depPoint=35&arrPoint=36&cargoMest%5B1%5D=1&cargoKg%5B1%5D=300&cargoL%5B1%5D=1.1447&cargoW%5B1%5D=1.1447&cargoH%5B1%5D=1.1447&cargoCalculation%5B1%5D=1 | I54: Расчёт калькулятора: 300 кг, 1.5 м³, терминал → терминал
A55: Werner | B55: Москва | C55: Санкт-Петербург | D55: до 400 кг | E55: 5200 | F55: Проверено при сборе | G55: 2026-09-14T16:09:09-07:00 | H55: https://wernerus.ru/api/calc/?method=api_calc&responseFormat=json&depPoint=35&arrPoint=36&cargoMest%5B1%5D=1&cargoKg%5B1%5D=400&cargoL%5B1%5D=1.2599&cargoW%5B1%5D=1.2599&cargoH%5B1%5D=1.2599&cargoCalculation%5B1%5D=1 | I55: Расчёт калькулятора: 400 кг, 2 м³, терминал → терминал
A56: Главтрасса | B56: Москва | C56: Санкт-Петербург | D56: до 400 кг | E56: 5300 | F56: Проверено при сборе | G56: 2026-09-14T16:04:53-07:00 | H56: https://glavtrassa.ru/api/calc/?method=api_calc&responseFormat=json&depPoint=35&arrPoint=36&cargoMest%5B1%5D=1&cargoKg%5B1%5D=400&cargoL%5B1%5D=1.2599&cargoW%5B1%5D=1.2599&cargoH%5B1%5D=1.2599&cargoCalculation%5B1%5D=1 | I56: Расчёт калькулятора: 400 кг, 2 м³, терминал → терминал
A57: Werner | B57: Москва | C57: Санкт-Петербург | D57: до 500 кг | E57: 6475 | F57: Проверено при сборе | G57: 2026-09-14T16:09:09-07:00 | H57: https://wernerus.ru/api/calc/?method=api_calc&responseFormat=json&depPoint=35&arrPoint=36&cargoMest%5B1%5D=1&cargoKg%5B1%5D=500&cargoL%5B1%5D=1.3572&cargoW%5B1%5D=1.3572&cargoH%5B1%5D=1.3572&cargoCalculation%5B1%5D=1 | I57: Расчёт калькулятора: 500 кг, 2.5 м³, терминал → терминал
A58: Главтрасса | B58: Москва | C58: Санкт-Петербург | D58: до 500 кг | E58: 6625 | F58: Проверено при сборе | G58: 2026-09-14T16:04:53-07:00 | H58: https://glavtrassa.ru/api/calc/?method=api_calc&responseFormat=json&depPoint=35&arrPoint=36&cargoMest%5B1%5D=1&cargoKg%5B1%5D=500&cargoL%5B1%5D=1.3572&cargoW%5B1%5D=1.3572&cargoH%5B1%5D=1.3572&cargoCalculation%5B1%5D=1 | I58: Расчёт калькулятора: 500 кг, 2.5 м³, терминал → терминал
A59: Werner | B59: Москва | C59: Санкт-Петербург | D59: до 600 кг | E59: 7524 | F59: Проверено при сборе | G59: 2026-09-14T16:09:10-07:00 | H59: https://wernerus.ru/api/calc/?method=api_calc&responseFormat=json&depPoint=35&arrPoint=36&cargoMest%5B1%5D=1&cargoKg%5B1%5D=600&cargoL%5B1%5D=1.4422&cargoW%5B1%5D=1.4422&cargoH%5B1%5D=1.4422&cargoCalculation%5B1%5D=1 | I59: Расчёт калькулятора: 600 кг, 3 м³, терминал → терминал
A60: Главтрасса | B60: Москва | C60: Санкт-Петербург | D60: до 600 кг | E60: 7799 | F60: Проверено при сборе | G60: 2026-09-14T16:04:53-07:00 | H60: https://glavtrassa.ru/api/calc/?method=api_calc&responseFormat=json&depPoint=35&arrPoint=36&cargoMest%5B1%5D=1&cargoKg%5B1%5D=600&cargoL%5B1%5D=1.4422&cargoW%5B1%5D=1.4422&cargoH%5B1%5D=1.4422&cargoCalculation%5B1%5D=1 | I60: Расчёт калькулятора: 600 кг, 3 м³, терминал → терминал
... A82: Главтрасса | B82: Москва | C82: Санкт-Петербург | D82: до 10000 кг | E82: 143746 | F82: Проверено при сборе | G82: 2026-09-14T16:05:20-07:00 | H82: https://glavtrassa.ru/api/calc/?method=api_calc&responseFormat=json&depPoint=35&arrPoint=36&cargoMest%5B1%5D=1&cargoKg%5B1%5D=10000&cargoL%5B1%5D=3.6840&cargoW%5B1%5D=3.6840&cargoH%5B1%5D=3.6840&cargoCalculation%5B1%5D=1 | I82: Расчёт калькулятора: 10000 кг, 50 м³, терминал → терминал
A83: Новая Линия | B83: Москва | C83: Санкт-Петербург | D83: до 10000 кг, до 20000 кг | F83: По запросу | G83: 2026-09-14T16:09:16-07:00 | H83: https://tknl.ru/calculator/ | I83: Опубликованный тариф по весу; объём и дополнительные услуги не включены | L83: 080f14e057f1fb43afcd02e386da155c94cb16db15fe46e3850aeefcc184e9db | N83: Официальный калькулятор: индивидуальный расчёт для этого веса; цена предоставляется по запросу.
A84: Werner | B84: Москва | C84: Санкт-Петербург | D84: до 20000 кг | E84: 220102 | F84: Проверено при сборе | G84: 2026-09-14T16:09:13-07:00 | H84: https://wernerus.ru/api/calc/?method=api_calc&responseFormat=json&depPoint=35&arrPoint=36&cargoMest%5B1%5D=1&cargoKg%5B1%5D=20000&cargoL%5B1%5D=4.6416&cargoW%5B1%5D=4.6416&cargoH%5B1%5D=4.6416&cargoCalculation%5B1%5D=1 | I84: Расчёт калькулятора: 20000 кг, 100 м³, терминал → терминал
A85: Главтрасса | B85: Москва | C85: Санкт-Петербург | D85: до 20000 кг | E85: 287502 | F85: Проверено при сборе | G85: 2026-09-14T16:05:21-07:00 | H85: https://glavtrassa.ru/api/calc/?method=api_calc&responseFormat=json&depPoint=35&arrPoint=36&cargoMest%5B1%5D=1&cargoKg%5B1%5D=20000&cargoL%5B1%5D=4.6416&cargoW%5B1%5D=4.6416&cargoH%5B1%5D=4.6416&cargoCalculation%5B1%5D=1 | I85: Расчёт калькулятора: 20000 кг, 100 м³, терминал → терминал

Sheet Сбор
A1: Отчёт | B1: Все компании и маршруты
A2: Начало проверки | B2: 2026-09-14T16:04:16-07:00
A3: Последний ответ | B3: 2026-09-14T16:10:35-07:00
A4: Создан Excel | B4: 2026-09-14T16:12:30-07:00
A5: Маршрутов в плане | B5: 1
A6: Маршрутов проверено | B6: 1
A7: Маршрутов в этом файле | B7: 1
A8: Проверок компаний в плане | B8: 18
A9: Проверок выполнено | B9: 18
A10: Часть | B10: 1 из 1
A11: Завершение | B11: Все запланированные проверки выполнены
A12: Обновление | B12: Запустите новый общий сбор в приложении, затем скачайте Excel
A13: Время цен | B13: Цены проверялись последовательно. Дата каждого источника указана в «Источники». Это не одновременный снимок всех сайтов.
A14: Источники | B14: В общий отчёт входят только ответы этого онлайн-сбора. Импорты и старые тарифы не подставляются.
A15: Весовые источники | B15: Одна строка «Источники» может объединять веса одного документа. Суммы — на листе компании; от 100 кг ставка умножается на контрольный вес.
A16: Отсутствующие цены | B16: Нет данных / по запросу — источник не дал числовой тариф. Это не нулевая стоимость.
A17: Результат проверки компаний | B17: Количество
A18: Все 28 весов | B18: 12
A19: Ошибка источника | B19: 2
A20: Неполная сетка / по запросу | B20: 3
A21: Нет подключённого публичного тарифа | B21: 1
